CHROM,POS,SINGLETON/DOUBLETON,ALLELE,INDV
CP021825.1,12513,S,C,270-C13-EPS+-34
CP021825.1,12516,S,C,270-C13-EPS+-34
CP021825.1,57605,S,C,270-C13-EPS+-34
CP021825.1,63290,S,G,270-C13-EPS+-34
CP021825.1,63294,S,T,270-C13-EPS+-34
CP021825.1,63295,S,G,270-C13-EPS+-34
CP021825.1,63297,S,A,270-C13-EPS+-34
CP021825.1,218304,S,T,279-P09.2-EPS--30
CP021825.1,450348,S,G,267-P06-EPS--40
CP021825.1,465558,S,C,270-C13-EPS+-34
CP021825.1,526844,S,G,313-Q08-EPS--28
CP021825.1,615744,S,A,270-C13-EPS+-34
CP021825.1,707206,S,AAAC,267-P06-EPS--40
CP021825.1,798647,S,G,270-C13-EPS+-34
CP021825.1,798656,S,C,270-C13-EPS+-34
CP021825.1,931100,S,T,270-C13-EPS+-34
CP021825.1,931101,S,G,270-C13-EPS+-34
CP021825.1,942611,S,C,270-C13-EPS+-34
CP021825.1,995889,S,G,270-C13-EPS+-34
CP021825.1,995901,S,G,270-C13-EPS+-34
CP021825.1,996258,S,A,270-C13-EPS+-34
CP021825.1,996264,S,T,270-C13-EPS+-34
CP021825.1,998016,S,C,270-C13-EPS+-34
CP021825.1,998017,S,G,270-C13-EPS+-34
CP021825.1,1026098,S,C,270-C13-EPS+-34
CP021825.1,1026157,S,G,270-C13-EPS+-34
CP021825.1,1026161,S,C,270-C13-EPS+-34
CP021825.1,1038507,S,G,267-F05-EPS--32
CP021825.1,1136843,S,G,270-C13-EPS+-34
CP021825.1,1136846,S,C,270-C13-EPS+-34
CP021825.1,1136858,S,G,270-C13-EPS+-34
CP021825.1,1136859,S,C,270-C13-EPS+-34
CP021825.1,1159798,S,G,270-C13-EPS+-34
CP021825.1,1177294,S,C,267-P06-EPS--40
CP021825.1,1247320,S,T,279-F02-EPS--11
CP021825.1,1347635,S,C,270-C13-EPS+-34
CP021825.1,1347641,S,G,270-C13-EPS+-34
CP021825.1,1348479,S,A,270-C13-EPS+-34
CP021825.1,1348498,S,C,270-C13-EPS+-34
CP021825.1,1357407,S,G,267-H01-EPS+-9
CP021825.1,1358089,S,T,313-M10-EPS+-23
CP021825.1,1360086,S,T,270-C13-EPS+-34
CP021825.1,1360089,S,C,270-C13-EPS+-34
CP021825.1,1360099,S,G,270-C13-EPS+-34
CP021825.1,1377141,S,A,279-B13.3-EPS--38
CP021825.1,1377144,S,T,279-B13.3-EPS--38
CP021825.1,1377149,S,G,279-B13.3-EPS--38
CP021825.1,1377161,S,T,anc1022_1-3
CP021825.1,1377183,S,A,anc1022_1-3
CP021825.1,1377217,S,G,279-B13.2-EPS--14
CP021825.1,1377398,S,T,279-P09.1-EPS--35
CP021825.1,1377563,S,G,279-H11.2-EPS+-21
CP021825.1,1377565,S,TAATCGCTGGGCCGACGAAGGCGACGCCGAGACCATCACCAAGAAGATCAACGGCGGTAA,279-P09.1-EPS--35
CP021825.1,1377580,S,G,279-H11.2-EPS+-21
CP021825.1,1377582,S,T,279-H11.2-EPS+-21
CP021825.1,1377716,S,C,279-H11.2-EPS+-21
CP021825.1,1377764,S,G,279-H11.2-EPS+-21
CP021825.1,1377767,S,C,279-H11.2-EPS+-21
CP021825.1,1377803,S,G,279-H11.1-EPS+-16
CP021825.1,1377808,S,G,anc1022_1-1
CP021825.1,1377915,S,G,anc1022_2-1
CP021825.1,1377916,S,T,anc1022_2-1
CP021825.1,1377921,S,G,anc1022_2-1
CP021825.1,1377923,S,C,anc1022_2-1
CP021825.1,1377928,S,G,anc1022_2-1
CP021825.1,1377941,S,G,anc1022_2-1
CP021825.1,1377945,S,A,anc1022_2-1
CP021825.1,1377947,S,C,anc1022_2-1
CP021825.1,1377968,S,T,anc1022_2-1
CP021825.1,1382187,S,A,267-H01-EPS+-9
CP021825.1,1432537,S,G,270-C13-EPS+-34
CP021825.1,1521810,S,G,270-C13-EPS+-34
CP021825.1,1731802,S,T,267-P06-EPS--40
CP021825.1,1731814,S,T,267-P06-EPS--40
CP021825.1,1731816,S,C,267-P06-EPS--40
CP021825.1,1732485,S,C,276-R11-EPS--15
CP021825.1,1809992,S,T,270-C13-EPS+-34
CP021825.1,1809994,S,C,270-C13-EPS+-34
CP021825.1,1809996,S,G,270-C13-EPS+-34
CP021825.1,1877724,S,C,270-C13-EPS+-34
CP021825.1,1877730,S,C,270-C13-EPS+-34
CP021825.1,1877733,S,T,270-C13-EPS+-34
CP021825.1,1877736,S,G,270-C13-EPS+-34
CP021825.1,1877814,S,C,270-C13-EPS+-34
CP021825.1,1879650,S,C,270-C13-EPS+-34
CP021825.1,1879656,S,C,270-C13-EPS+-34
CP021825.1,1879659,S,G,270-C13-EPS+-34
CP021825.1,1879686,S,C,270-C13-EPS+-34
CP021825.1,1879689,S,G,270-C13-EPS+-34
CP021825.1,1879692,S,C,270-C13-EPS+-34
CP021825.1,1879701,S,G,270-C13-EPS+-34
CP021825.1,1898088,S,G,270-C13-EPS+-34
CP021825.1,1898100,S,A,270-C13-EPS+-34
CP021825.1,1898106,S,C,270-C13-EPS+-34
CP021825.1,1898115,S,C,270-C13-EPS+-34
CP021825.1,1898116,S,A,270-C13-EPS+-34
CP021825.1,1898120,S,A,270-C13-EPS+-34
CP021825.1,1999365,S,C,270-C13-EPS+-34
CP021825.1,2045273,S,A,270-C13-EPS+-34
CP021825.1,2112777,S,T,270-C13-EPS+-34
CP021825.1,2119961,S,G,270-C13-EPS+-34
CP021825.1,2119971,S,G,270-C13-EPS+-34
CP021825.1,2119977,S,C,270-C13-EPS+-34
CP021825.1,2122011,S,A,270-C13-EPS+-34
CP021825.1,2122014,S,G,270-C13-EPS+-34
CP021825.1,2122017,S,C,270-C13-EPS+-34
CP021825.1,2122029,S,C,270-C13-EPS+-34
CP021825.1,2122032,S,G,270-C13-EPS+-34
CP021825.1,2122041,S,G,270-C13-EPS+-34
CP021825.1,2122046,S,A,270-C13-EPS+-34
CP021825.1,2226783,S,C,270-C13-EPS+-34
CP021825.1,2280801,S,T,270-C13-EPS+-34
CP021825.1,2280804,S,C,270-C13-EPS+-34
CP021825.1,2284826,S,T,270-C13-EPS+-34
CP021825.1,2402662,S,T,267-F05-EPS--32
CP021825.1,2520052,S,A,267-P06-EPS--40
CP021825.1,2612684,S,A,267-P06-EPS--40
CP021825.1,2613999,S,G,270-C13-EPS+-34
CP021825.1,2614728,S,T,270-C13-EPS+-34
CP021825.1,2817185,S,C,270-C13-EPS+-34
CP021825.1,2817187,S,C,270-C13-EPS+-34
CP021825.1,2817188,S,G,270-C13-EPS+-34
CP021825.1,2839083,S,G,270-C13-EPS+-34
CP021825.1,2928083,S,C,270-C13-EPS+-34
CP021825.1,2928092,S,G,270-C13-EPS+-34
CP021825.1,2946583,S,T,267-P06-EPS--40
CP021825.1,3002214,S,G,270-C13-EPS+-34
CP021825.1,3002216,S,G,270-C13-EPS+-34
CP021825.1,3002224,S,G,270-C13-EPS+-34
CP021825.1,3043873,S,C,270-C13-EPS+-34
CP021825.1,3054626,S,G,270-C13-EPS+-34
CP021825.1,3054632,S,G,270-C13-EPS+-34
CP021825.1,3054638,S,C,270-C13-EPS+-34
CP021825.1,3054641,S,G,270-C13-EPS+-34
CP021825.1,3054647,S,C,270-C13-EPS+-34
CP021825.1,3054650,S,G,270-C13-EPS+-34
CP021825.1,3054659,S,T,270-C13-EPS+-34
CP021825.1,3127971,S,G,270-C13-EPS+-34
CP021825.1,3381054,S,C,270-C13-EPS+-34
CP021825.1,3381057,S,G,270-C13-EPS+-34
CP021825.1,3381060,S,G,270-C13-EPS+-34
CP021825.1,3381063,S,C,270-C13-EPS+-34
CP021825.1,3381069,S,G,270-C13-EPS+-34
CP021825.1,3381090,S,G,270-C13-EPS+-34
CP021825.1,3381095,S,T,270-C13-EPS+-34
CP021825.1,3381099,S,G,270-C13-EPS+-34
CP021825.1,3381102,S,C,270-C13-EPS+-34
CP021825.1,3381104,S,A,270-C13-EPS+-34
CP021825.1,3381110,S,C,270-C13-EPS+-34
CP021825.1,3381117,S,C,270-C13-EPS+-34
CP021825.1,3381123,S,G,270-C13-EPS+-34
CP021825.1,3381132,S,A,270-C13-EPS+-34
CP021825.1,3381137,S,C,270-C13-EPS+-34
CP021825.1,3381138,S,G,270-C13-EPS+-34
CP021825.1,3381144,S,G,270-C13-EPS+-34
CP021825.1,3381153,S,C,270-C13-EPS+-34
CP021825.1,3381156,S,G,270-C13-EPS+-34
CP021825.1,3381159,S,G,270-C13-EPS+-34
CP021825.1,3438086,S,C,270-C13-EPS+-34
CP021825.1,3457370,S,T,270-C13-EPS+-34
CP021825.1,3626678,S,G,270-C13-EPS+-34
CP021825.1,3626687,S,G,270-C13-EPS+-34
CP021826.1,148361,S,CA,267-O12-EPS+-22
CP021827.1,108818,S,A,270-C13-EPS+-34
CP021827.1,118260,S,T,270-C13-EPS+-34
CP021827.1,118263,S,C,270-C13-EPS+-34
CP021827.1,118269,S,C,270-C13-EPS+-34
CP021827.1,120349,S,G,270-C13-EPS+-34
CP021827.1,131243,S,G,270-C13-EPS+-34
CP021827.1,131252,S,C,270-C13-EPS+-34
CP021827.1,131261,S,G,270-C13-EPS+-34
CP021827.1,131273,S,C,270-C13-EPS+-34
CP021827.1,131279,S,C,270-C13-EPS+-34
CP021827.1,131282,S,G,270-C13-EPS+-34
CP021827.1,131284,S,C,270-C13-EPS+-34
CP021827.1,131297,S,G,270-C13-EPS+-34
CP021827.1,131300,S,C,270-C13-EPS+-34
CP021827.1,131303,S,T,270-C13-EPS+-34
CP021827.1,131330,S,G,270-C13-EPS+-34
CP021827.1,131339,S,C,270-C13-EPS+-34
CP021827.1,131465,S,G,270-C13-EPS+-34
CP021827.1,131486,S,G,270-C13-EPS+-34
CP021827.1,131495,S,G,270-C13-EPS+-34
CP021827.1,134325,S,C,270-C13-EPS+-34
CP021827.1,189201,S,G,270-C13-EPS+-34
CP021827.1,217798,S,A,270-C13-EPS+-34
CP021827.1,234423,S,C,270-C13-EPS+-34
CP021827.1,236559,S,C,270-C13-EPS+-34
CP021827.1,244837,S,C,313-D09-EPS--17
CP021827.1,283862,S,G,270-C13-EPS+-34
CP021827.1,283870,S,G,270-C13-EPS+-34
CP021827.1,299114,S,C,270-C13-EPS+-34
CP021827.1,299793,S,T,270-C13-EPS+-34
CP021827.1,299797,S,G,270-C13-EPS+-34
CP021827.1,299800,S,C,270-C13-EPS+-34
CP021827.1,329745,S,G,270-C13-EPS+-34
CP021827.1,336776,S,C,270-C13-EPS+-34
CP021827.1,352339,S,G,267-F05-EPS--32
CP021827.1,387590,S,C,270-S02-EPS--2
CP021827.1,387593,S,T,270-I03-EPS+-13
CP021827.1,387594,S,T,267-R09-EPS+-1
CP021827.1,387596,S,A,279-P09.2-EPS--30
CP021827.1,392924,S,TAG,anc1022_2-2
CP021827.1,392984,S,ACC,anc1022_2-2
CP021827.1,396520,S,G,270-C13-EPS+-34
CP021827.1,401560,S,T,279-P09.1-EPS--35
CP021827.1,418234,S,T,279-T10.1-EPS+-20
CP021827.1,432981,S,C,270-T06.2-EPS--8
CP021827.1,435367,S,C,270-S02-EPS+-4
CP021827.1,435374,S,G,276-F06-EPS+-10
CP021827.1,441814,S,G,270-C13-EPS+-34
CP021827.1,441820,S,C,270-C13-EPS+-34
CP021827.1,451642,S,G,270-D01-EPS+-36
CP021827.1,474095,S,G,270-C13-EPS+-34
CP021827.1,550850,S,T,313-D09-EPS--17
CP021827.1,551638,S,C,267-H01-EPS+-9
CP021827.1,551651,S,T,279-H11.1-EPS+-16
CP021827.1,551719,S,G,270-C13-EPS+-34
CP021827.1,551739,S,T,270-C13-EPS+-34
CP021827.1,551748,S,G,270-C13-EPS+-34
CP021827.1,554773,S,C,270-C13-EPS+-34
CP021827.1,555331,S,C,270-C13-EPS+-34
CP021827.1,555335,S,A,270-C13-EPS+-34
CP021827.1,556364,S,A,267-H01-EPS+-9
CP021827.1,586811,S,G,279-P09.1-EPS--35
CP021827.1,586816,S,A,279-P09.1-EPS--35
CP021827.1,586855,S,G,279-P09.1-EPS--35
CP021827.1,595041,S,G,270-N10-EPS+-26
CP021827.1,595042,S,T,270-I03-EPS+-13
CP021827.1,595043,S,A,270-S02-EPS+-4
CP021827.1,595046,S,T,279-F02-EPS--11
CP021827.1,596030,S,G,270-T06.3-EPS--29
CP021827.1,597166,S,G,279-F02-EPS--11
CP021827.1,597168,S,C,313-D09-EPS--17
CP021827.1,597169,S,T,279-H11.2-EPS+-21
CP021827.1,606287,S,T,267-R09-EPS+-1
CP021827.1,606298,S,T,270-A01-EPS--31
CP021827.1,662866,S,G,270-C13-EPS+-34
CP021827.1,698984,S,C,313-Q08-EPS--28
CP021827.1,703232,S,AGC,313-A09.2-EPS+-7
CP021827.1,704325,S,A,anc1022_1-2
CP021827.1,705170,S,C,270-D01-EPS+-36
CP021827.1,707655,S,T,270-C13-EPS+-34
CP021827.1,708056,S,C,276-R11-EPS--15
CP021827.1,708528,S,C,267-F05-EPS--32
CP021827.1,709955,S,C,270-C13-EPS+-34
CP021827.1,709956,S,G,270-C13-EPS+-34
CP021827.1,712651,S,G,313-A09.1-EPS+-3
CP021827.1,735678,S,T,313-M10-EPS+-23
CP021827.1,735682,S,A,313-D09-EPS--17
CP021827.1,735689,S,G,267-H01-EPS+-9
CP021827.1,741882,S,C,270-C13-EPS+-34
CP021827.1,748447,S,G,279-B13.3-EPS--38
CP021827.1,777742,S,G,267-P06-EPS--40
CP021827.1,781174,S,A,270-S02-EPS+-4
CP021827.1,793199,S,G,anc1022_2-1
CP021827.1,793209,S,T,anc1022_2-1
CP021827.1,793227,S,G,anc1022_2-1
CP021827.1,793242,S,A,anc1022_2-1
CP021827.1,793248,S,T,anc1022_2-1
CP021827.1,793511,S,CGA,279-P09.1-EPS--35
CP021827.1,793512,S,A,279-P09.1-EPS--35
CP021827.1,809071,S,C,270-I03-EPS+-13
CP021827.1,825877,S,G,270-C13-EPS+-34
CP021827.1,831243,S,C,270-C13-EPS+-34
CP021827.1,868379,S,A,270-C13-EPS+-34
CP021827.1,868435,S,G,270-C13-EPS+-34
CP021827.1,868443,S,G,270-C13-EPS+-34
CP021827.1,869605,S,C,270-C13-EPS+-34
CP021827.1,918633,S,G,270-C13-EPS+-34
CP021827.1,948671,S,G,270-C13-EPS+-34
CP021827.1,958334,S,C,267-A13.2-EPS--33
CP021827.1,963045,S,C,270-C13-EPS+-34
CP021827.1,1009421,S,T,279-H11.1-EPS+-16
CP021827.1,1014149,S,C,anc1022_2-2
CP021827.1,1051060,S,C,270-C13-EPS+-34
CP021827.1,1051065,S,C,270-C13-EPS+-34
CP021827.1,1051069,S,C,270-C13-EPS+-34
CP021827.1,1051072,S,C,270-C13-EPS+-34
CP021827.1,1051075,S,C,270-C13-EPS+-34
CP021827.1,1051081,S,C,270-C13-EPS+-34
CP021827.1,1051090,S,C,270-C13-EPS+-34
CP021827.1,1051093,S,G,270-C13-EPS+-34
CP021827.1,1051099,S,G,270-C13-EPS+-34
CP021827.1,1051105,S,C,270-C13-EPS+-34
CP021827.1,1051108,S,G,270-C13-EPS+-34
CP021827.1,1072527,S,C,270-C13-EPS+-34
CP021827.1,1097001,S,A,270-D01-EPS+-36
CP021827.1,1124377,S,C,276-F06-EPS+-10
CP021827.1,1124379,S,G,270-I03-EPS+-13
CP021827.1,1128158,S,C,270-S02-EPS--2
CP021827.1,1129386,S,T,270-N10-EPS+-26
CP021827.1,1129931,S,C,270-C13-EPS+-34
CP021827.1,1129946,S,C,270-C13-EPS+-34
CP021827.1,1132056,S,C,279-H11.1-EPS+-16
CP021827.1,1132346,S,C,313-A09.1-EPS+-3
CP021827.1,1132348,S,G,313-A09.1-EPS+-3
CP021827.1,1132351,S,C,313-A09.1-EPS+-3
CP021827.1,1132352,S,T,313-A09.1-EPS+-3
CP021827.1,1133218,S,G,313-D09-EPS--17
CP021827.1,1133323,S,C,267-O12-EPS+-22
CP021827.1,1135363,S,G,270-C13-EPS+-34
CP021827.1,1138398,S,C,270-C13-EPS+-34
CP021827.1,1138416,S,GATC,270-C13-EPS+-34
CP021827.1,1138417,S,A,270-C13-EPS+-34
CP021827.1,1138419,S,G,270-C13-EPS+-34
CP021827.1,1138425,S,C,270-C13-EPS+-34
CP021827.1,1172824,S,G,267-F05-EPS--32
CP021827.1,1173479,S,C,270-D01-EPS+-36
CP021827.1,1173481,S,A,270-D01-EPS+-36
CP021827.1,1173521,S,T,270-D01-EPS+-36
CP021827.1,1173535,S,C,270-D01-EPS+-36
CP021827.1,1201797,S,T,anc1022_1-2
CP021827.1,1201798,S,G,anc1022_1-2
CP021827.1,1237765,S,G,270-D01-EPS+-36
CP021827.1,1237774,S,A,270-D01-EPS+-36
CP021827.1,1237777,S,A,270-D01-EPS+-36
CP021827.1,1237780,S,C,270-D01-EPS+-36
CP021827.1,1237792,S,C,270-D01-EPS+-36
CP021827.1,1237798,S,G,270-D01-EPS+-36
CP021827.1,1237803,S,T,270-D01-EPS+-36
CP021827.1,1238202,S,G,279-B13.3-EPS--38
CP021827.1,1238203,S,A,279-B13.3-EPS--38
CP021827.1,1238205,S,T,279-B13.3-EPS--38
CP021827.1,1251618,S,A,279-T10.2-EPS+-37
CP021827.1,1251755,S,G,267-D11-EPS--27
CP021827.1,1251850,S,A,270-D01-EPS+-36
CP021827.1,1251870,S,G,270-D01-EPS+-36
CP021827.1,1252176,S,AGGTCACTGCGCTGAT,279-B13.3-EPS--38
CP021827.1,1252207,S,T,279-B13.3-EPS--38
CP021827.1,1252210,S,T,279-B13.3-EPS--38
CP021827.1,1252213,S,A,279-B13.3-EPS--38
CP021827.1,1279078,S,C,267-O12-EPS+-22
CP021828.1,1529,S,T,270-C13-EPS+-34
CP021828.1,1543,S,C,270-C13-EPS+-34
CP021828.1,62942,S,G,270-C13-EPS+-34
CP021828.1,78309,S,G,270-C13-EPS+-34
CP021828.1,93389,S,C,270-C13-EPS+-34
CP021828.1,119365,S,G,270-C13-EPS+-34
CP021828.1,121798,S,T,270-C13-EPS+-34
CP021828.1,121801,S,A,270-C13-EPS+-34
CP021828.1,143286,S,G,267-P06-EPS--40
CP021828.1,159084,S,G,270-C13-EPS+-34
CP021828.1,164785,S,C,279-T10.1-EPS+-20
CP021828.1,165013,S,A,270-A01-EPS--31
CP021828.1,168101,S,G,279-P09-EPS+-24
CP021828.1,183468,S,A,270-C13-EPS+-34
CP021828.1,189160,S,A,276-R11-EPS--15
CP021828.1,195359,S,G,270-C13-EPS+-34
CP021828.1,195381,S,A,270-D01-EPS+-36
CP021828.1,199598,S,C,267-H01-EPS+-9
CP021828.1,201715,S,A,267-O12-EPS+-22
CP021828.1,221637,S,AAT,267-F05-EPS--32
CP021828.1,225129,S,T,267-P06-EPS--40
CP021828.1,225135,S,A,267-P06-EPS--40
CP021828.1,225887,S,A,279-H11.2-EPS+-21
CP021828.1,225895,S,C,267-R09-EPS+-1
CP021828.1,226433,S,G,270-C13-EPS+-34
CP021828.1,227497,S,G,270-C13-EPS+-34
CP021828.1,227501,S,C,270-C13-EPS+-34
CP021828.1,227899,S,A,279-T10.2-EPS+-37
CP021828.1,227902,S,G,313-A09.2-EPS+-7
CP021828.1,227910,S,C,270-T06.2-EPS--8
CP021828.1,228676,S,G,267-O12-EPS+-22
CP021828.1,228680,S,T,279-T10.2-EPS+-37
CP021828.1,242639,S,G,279-T10.1-EPS+-20
CP021828.1,244068,S,C,270-C13-EPS+-34
CP021828.1,247264,S,G,anc1022_3-2
CP021828.1,247278,S,A,267-D11-EPS--27
CP021828.1,256845,S,C,anc1022_2-1
CP021828.1,257621,S,T,313-M10-EPS+-23
CP021828.1,257622,S,G,313-D09-EPS--17
CP021828.1,257627,S,A,279-H11.1-EPS+-16
CP021828.1,257628,S,A,267-H01-EPS+-9
CP021828.1,258332,S,C,270-C13-EPS+-34
CP021828.1,260586,S,G,270-C13-EPS+-34
CP021828.1,260862,S,G,270-C13-EPS+-34
CP021828.1,267104,S,G,267-P06-EPS--40
CP021828.1,277342,S,G,270-C13-EPS+-34
CP021828.1,277353,S,A,270-C13-EPS+-34
CP021828.1,277365,S,C,270-C13-EPS+-34
CP021828.1,278218,S,A,270-C13-EPS+-34
CP021828.1,278508,S,G,313-A09.1-EPS+-3
CP021828.1,284713,S,G,anc1022_1-3
CP021828.1,284860,S,G,anc1022_3-1
CP021828.1,284979,S,G,270-C13-EPS+-34
CP021828.1,284988,S,A,270-C13-EPS+-34
CP021828.1,285003,S,A,279-H11.2-EPS+-21
CP021828.1,285004,S,T,anc1022_2-1
CP021828.1,285178,S,C,270-D01-EPS+-36
CP021828.1,288079,S,T,279-B13.3-EPS--38
CP021828.1,288091,S,G,279-B13.3-EPS--38
CP021828.1,290553,S,T,313-M10-EPS+-23
CP021828.1,291896,S,G,313-A09.1-EPS+-3
CP021828.1,296268,S,G,anc1022_2-1
CP021828.1,296789,S,G,270-I03-EPS+-13
CP021828.1,297101,S,T,279-P09.2-EPS--30
CP021828.1,297103,S,A,anc1022_1-1
CP021828.1,297104,S,C,313-M10-EPS+-23
CP021828.1,297802,S,G,anc1022_1-2
CP021828.1,298986,S,T,270-T09-EPS--12
CP021828.1,301533,S,T,anc1022_1-3
CP021828.1,301610,S,G,270-D01-EPS+-36
CP021828.1,309066,S,A,270-C13-EPS+-34
CP021828.1,311170,S,A,270-C13-EPS+-34
CP021828.1,311172,S,G,270-C13-EPS+-34
CP021828.1,326467,S,C,270-C13-EPS+-34
CP021828.1,329890,S,C,270-C13-EPS+-34
CP021828.1,329899,S,C,270-C13-EPS+-34
CP021828.1,333316,S,G,270-C13-EPS+-34
CP021828.1,351025,S,C,270-C13-EPS+-34
CP021828.1,351027,S,T,270-C13-EPS+-34
CP021828.1,351034,S,G,270-C13-EPS+-34
CP021828.1,357731,S,C,270-C13-EPS+-34
CP021828.1,357743,S,C,270-C13-EPS+-34
CP021828.1,360931,S,G,anc1022_1-3
CP021828.1,360934,S,T,anc1022_1-3
CP021828.1,364954,S,G,276-F06-EPS+-10
CP021828.1,364963,S,A,276-F06-EPS+-10
CP021828.1,364972,S,G,276-F06-EPS+-10
CP021828.1,365005,S,G,276-F06-EPS+-10
CP021828.1,365012,S,G,276-F06-EPS+-10
CP021828.1,365014,S,T,276-F06-EPS+-10
CP021828.1,365020,S,G,276-F06-EPS+-10
CP021828.1,365023,S,C,276-F06-EPS+-10
CP021828.1,365179,S,A,270-C13-EPS+-34
CP021828.1,365184,S,T,270-C13-EPS+-34
CP021828.1,365674,S,A,313-A09.2-EPS+-7
CP021828.1,365814,S,G,279-B13.3-EPS--38
CP021828.1,459992,S,A,270-C13-EPS+-34
CP021828.1,534093,S,A,267-P06-EPS--40
CP021828.1,626146,S,C,313-A09.2-EPS+-7
CP021828.1,661972,S,G,267-P06-EPS--40
CP021828.1,702837,S,A,270-C13-EPS+-34
CP021828.1,746372,S,CT,279-B13.3-EPS--38
CP021828.1,897897,S,T,anc1022_2-1
CP021828.1,898481,S,G,267-D11-EPS--27
CP021828.1,898483,S,T,267-D11-EPS--27
CP021828.1,911042,S,A,279-B13.1-EPS--18
CP021828.1,986581,S,C,270-C13-EPS+-34
CP021828.1,989421,S,T,276-R11-EPS--15
CP021828.1,995042,S,T,270-D01-EPS+-36
CP021828.1,995375,S,C,anc1022_1-3
CP021828.1,995378,S,C,anc1022_1-3
CP021828.1,995392,S,TA,anc1022_1-3
CP021828.1,995416,S,T,279-B13.3-EPS--38
CP021828.1,999907,S,T,276-R11-EPS--15
CP021828.1,999908,S,G,276-R11-EPS--15
CP021828.1,1048332,S,C,270-C13-EPS+-34
CP021828.1,1060521,S,A,270-C13-EPS+-34
CP021828.1,1068858,S,T,270-C13-EPS+-34
CP021828.1,1068874,S,G,270-C13-EPS+-34
CP021828.1,1068876,S,T,270-C13-EPS+-34
CP021828.1,1123939,S,G,270-C13-EPS+-34
CP021828.1,1123945,S,G,270-C13-EPS+-34
CP021828.1,1155921,S,T,270-C13-EPS+-34
CP021828.1,1155923,S,G,270-C13-EPS+-34
CP021828.1,1155933,S,C,270-C13-EPS+-34
CP021828.1,1195851,S,C,270-C13-EPS+-34
CP021828.1,1215815,S,C,270-C13-EPS+-34
CP021828.1,1215818,S,G,270-C13-EPS+-34
CP021828.1,1217709,S,A,279-F02-EPS--11
CP021828.1,1256245,S,G,270-C13-EPS+-34
CP021828.1,1257442,S,G,270-C13-EPS+-34
CP021828.1,1265165,S,G,270-C13-EPS+-34
CP021828.1,1272215,S,C,270-C13-EPS+-34
CP021828.1,1280255,S,G,270-C13-EPS+-34
CP021828.1,1280261,S,G,270-C13-EPS+-34
CP021828.1,1295086,S,G,267-R09-EPS+-1
CP021828.1,1322284,S,G,267-F05-EPS--32
CP021828.1,1322288,S,C,267-F05-EPS--32
CP021828.1,1322306,S,T,267-F05-EPS--32
CP021828.1,1322316,S,A,267-F05-EPS--32
CP021828.1,1322387,S,GT,267-F05-EPS--32
CP021828.1,1323030,S,T,279-B13.3-EPS--38
CP021828.1,1332495,S,G,270-C13-EPS+-34
CP021828.1,1334168,S,G,270-C13-EPS+-34
CP021828.1,1334599,S,C,270-C13-EPS+-34
CP021828.1,1351617,S,A,270-C13-EPS+-34
CP021828.1,1444515,S,G,267-O12-EPS+-22
CP021828.1,1452970,S,G,313-A06-EPS+-25
CP021828.1,1587817,S,C,270-C13-EPS+-34
CP021828.1,1611893,S,G,270-C13-EPS+-34
CP021828.1,1611897,S,C,270-C13-EPS+-34
CP021828.1,1614336,S,G,270-C13-EPS+-34
CP021828.1,1614366,S,C,270-C13-EPS+-34
CP021828.1,1614373,S,T,270-C13-EPS+-34
