CHR,POS,group_no
CP021825.1,1732438,1
CP021825.1,1732500,1
CP021825.1,1732447,1
CP021825.1,1732453,1
CP021825.1,1732454,1
CP021825.1,1732501,1
CP021825.1,1732456,1
CP021825.1,1377836,2
CP021825.1,1377850,2
CP021825.1,1377854,2
CP021825.1,1377863,2
CP021825.1,1377569,2
CP021825.1,1377605,2
CP021825.1,1377329,2
CP021825.1,1377338,2
CP021825.1,1377344,2
CP021825.1,1377347,2
CP021825.1,1377320,2
CP021825.1,1377877,2
CP021825.1,1377869,2
CP021825.1,1377623,2
CP021825.1,1377350,2
CP021825.1,1377321,2
CP021825.1,1356055,3
CP021825.1,1356058,3
CP021827.1,1238804,4
CP021827.1,1238757,4
CP021827.1,1238268,4
CP021827.1,1238814,4
CP021827.1,1238766,4
CP021827.1,1238277,4
CP021827.1,1202378,5
CP021827.1,1202379,5
CP021827.1,1014386,6
CP021827.1,1014389,6
CP021827.1,962638,7
CP021827.1,962644,7
CP021827.1,962653,7
CP021828.1,898491,8
CP021828.1,898511,8
CP021828.1,898518,8
CP021828.1,898531,8
CP021828.1,898533,8
CP021827.1,793559,9
CP021827.1,793579,9
CP021827.1,793588,9
CP021827.1,708956,10
CP021827.1,708434,10
CP021827.1,703575,10
CP021827.1,709006,10
CP021827.1,708435,10
CP021827.1,703578,10
CP021827.1,662628,11
CP021827.1,662633,11
CP021827.1,661801,12
CP021827.1,661804,12
CP021828.1,626055,13
CP021828.1,626021,13
CP021828.1,626056,13
CP021828.1,626038,13
CP021827.1,596707,14
CP021827.1,596728,14
CP021827.1,586673,15
CP021827.1,586676,15
CP021827.1,556101,16
CP021827.1,554063,16
CP021827.1,556106,16
CP021827.1,554119,16
CP021827.1,431598,17
CP021827.1,431624,17
CP021827.1,431631,17
CP021828.1,365883,18
CP021828.1,365899,18
CP021828.1,365865,18
CP021828.1,365868,18
CP021828.1,365872,18
CP021828.1,365854,18
CP021828.1,365824,18
CP021828.1,365902,18
CP021828.1,365880,18
CP021828.1,365857,18
CP021828.1,365828,18
CP021828.1,288074,19
CP021828.1,288091,19
CP021828.1,365701,20
CP021828.1,365581,20
CP021828.1,365443,20
CP021828.1,365419,20
CP021828.1,365158,20
CP021828.1,365140,20
CP021828.1,365703,20
CP021828.1,365582,20
CP021828.1,365479,20
CP021828.1,365422,20
CP021828.1,365161,20
CP021828.1,365142,20
CP021827.1,352366,21
CP021827.1,352369,21
CP021828.1,301029,22
CP021828.1,301032,22
CP021828.1,301035,22
CP021828.1,301039,22
CP021828.1,300817,23
CP021828.1,300818,23
CP021828.1,288070,24
CP021828.1,288074,24
CP021828.1,288081,24
CP021828.1,288091,24
CP021828.1,285307,25
CP021828.1,284765,25
CP021828.1,284714,25
CP021828.1,285310,25
CP021828.1,284766,25
CP021828.1,284723,25
CP021828.1,272714,26
CP021828.1,272788,26
CP021828.1,268186,27
CP021828.1,268201,27
CP021828.1,268207,27
CP021828.1,268239,27
CP021828.1,267473,28
CP021828.1,267477,28
CP021828.1,256680,29
CP021828.1,256735,29
CP021828.1,249121,30
CP021828.1,249146,30
CP021828.1,247245,31
CP021828.1,247252,31
CP021828.1,247150,31
CP021828.1,247151,31
CP021828.1,247162,31
CP021828.1,247178,31
CP021828.1,247256,31
CP021828.1,247181,31
CP021828.1,247168,31
