CHROM,POS,QUAL
CP021825.1,10624,21621
CP021825.1,218304,2339.37
CP021825.1,526844,4113.37
CP021825.1,1038788,2750.82
CP021825.1,1038838,881.78
CP021825.1,1247320,3786.37
CP021825.1,1332022,229692
CP021825.1,1348634,62671.3
CP021825.1,1350471,77123.6
CP021825.1,1350485,74751.6
CP021825.1,1350489,74411.6
CP021825.1,1350490,73761.6
CP021825.1,1355960,254215
CP021825.1,1356055,8575.65
CP021825.1,1356058,8080.65
CP021825.1,1358090,237.61
CP021825.1,1358203,92843.6
CP021825.1,1360089,288267
CP021825.1,1362386,165305
CP021825.1,1375645,63203.4
CP021825.1,1375654,65610.4
CP021825.1,1375696,111890
CP021825.1,1375705,123346
CP021825.1,1375714,126714
CP021825.1,1375718,128405
CP021825.1,1375723,128900
CP021825.1,1375726,142145
CP021825.1,1375732,147590
CP021825.1,1375738,149958
CP021825.1,1375748,153689
CP021825.1,1377217,128904
CP021825.1,1377263,7319.48
CP021825.1,1377284,1404.43
CP021825.1,1377293,104884
CP021825.1,1377296,3623.99
CP021825.1,1377315,2851.33
CP021825.1,1377320,151341
CP021825.1,1377321,151917
CP021825.1,1377329,159003
CP021825.1,1377338,173363
CP021825.1,1377344,738.91
CP021825.1,1377347,170189
CP021825.1,1377350,818.91
CP021825.1,1377395,124703
CP021825.1,1377398,165698
CP021825.1,1377564,169092
CP021825.1,1377569,761.87
CP021825.1,1377584,2146.96
CP021825.1,1377602,87523.6
CP021825.1,1377605,3093.87
CP021825.1,1377623,3057.34
CP021825.1,1377690,150.91
CP021825.1,1377704,33980
CP021825.1,1377749,779.91
CP021825.1,1377794,3078.47
CP021825.1,1377836,8000.21
CP021825.1,1377850,8039.24
CP021825.1,1377854,9300.21
CP021825.1,1377863,2719.34
CP021825.1,1377869,2896.82
CP021825.1,1377877,12421.2
CP021825.1,1477423,86944.6
CP021825.1,1732438,868.34
CP021825.1,1732447,465.91
CP021825.1,1732453,375.91
CP021825.1,1732454,420.91
CP021825.1,1732456,690.91
CP021825.1,1732471,1086.87
CP021825.1,1732500,862.1
CP021825.1,1732501,873.47
CP021825.1,1732515,4271.58
CP021825.1,1732521,3929.62
CP021825.1,1732545,7793.49
CP021825.1,1732551,7540.7
CP021825.1,1732566,14414.3
CP021825.1,1732594,7978.77
CP021825.1,1904758,358.91
CP021825.1,2007914,80793.6
CP021825.1,2007923,84255.6
CP021825.1,3237100,43045.6
CP021826.1,143757,69819.3
CP021826.1,143766,69819.3
CP021826.1,143947,81252.1
CP021826.1,144012,168181
CP021826.1,144030,158750
CP021826.1,148361,47167.5
CP021827.1,12013,62522.9
CP021827.1,12058,31140.2
CP021827.1,16476,32930.5
CP021827.1,22234,162921
CP021827.1,74787,227.47
CP021827.1,74828,24214.1
CP021827.1,74859,16792.4
CP021827.1,74963,19857.3
CP021827.1,74986,29914.7
CP021827.1,109582,42257
CP021827.1,109668,206.46
CP021827.1,184568,133053
CP021827.1,184609,145947
CP021827.1,184613,149661
CP021827.1,184616,150582
CP021827.1,184620,151965
CP021827.1,184629,184445
CP021827.1,184648,182923
CP021827.1,234531,154092
CP021827.1,234541,148721
CP021827.1,234549,139644
CP021827.1,244542,217995
CP021827.1,244554,211499
CP021827.1,283843,59032.6
CP021827.1,283852,59560.6
CP021827.1,283854,61656.6
CP021827.1,283858,62483.6
CP021827.1,299108,195404
CP021827.1,302275,99871.2
CP021827.1,305095,26712
CP021827.1,322944,85.97
CP021827.1,322957,22947.6
CP021827.1,352366,578.87
CP021827.1,352369,613.87
CP021827.1,352549,2104.65
CP021827.1,352609,861.17
CP021827.1,359548,1470.44
CP021827.1,359571,4412.37
CP021827.1,359578,4646.19
CP021827.1,375224,74192.6
CP021827.1,375233,76103.6
CP021827.1,387590,285.37
CP021827.1,390689,63418.6
CP021827.1,390710,50904.6
CP021827.1,390731,45801
CP021827.1,392908,149910
CP021827.1,392911,148190
CP021827.1,392919,142370
CP021827.1,392928,128434
CP021827.1,392933,106894
CP021827.1,392935,156676
CP021827.1,392943,169718
CP021827.1,392966,191019
CP021827.1,392984,180282
CP021827.1,392987,153699
CP021827.1,392990,169937
CP021827.1,392997,182146
CP021827.1,393010,191829
CP021827.1,393023,189372
CP021827.1,393032,185407
CP021827.1,393038,182864
CP021827.1,393040,186245
CP021827.1,393051,197518
CP021827.1,393059,206124
CP021827.1,399379,144574
CP021827.1,399382,149684
CP021827.1,399390,153292
CP021827.1,399398,129247
CP021827.1,399400,129057
CP021827.1,399408,126470
CP021827.1,399418,124437
CP021827.1,399420,120943
CP021827.1,399427,117534
CP021827.1,399746,1574.7
CP021827.1,418234,4535.37
CP021827.1,431565,777.91
CP021827.1,431583,337.24
CP021827.1,431598,386.99
CP021827.1,431624,1430.87
CP021827.1,431631,1355.5
CP021827.1,431663,5142.85
CP021827.1,431703,6446.97
CP021827.1,431760,5484.03
CP021827.1,431808,443.36
CP021827.1,431838,264.1
CP021827.1,431967,3153.29
CP021827.1,431968,305.2
CP021827.1,432981,2335.37
CP021827.1,436513,204399
CP021827.1,436515,198090
CP021827.1,441823,268153
CP021827.1,441829,267671
CP021827.1,441833,271246
CP021827.1,444780,168.91
CP021827.1,451623,52957.6
CP021827.1,451631,52844.6
CP021827.1,451634,48631.7
CP021827.1,451645,48034.6
CP021827.1,451650,47673.6
CP021827.1,451652,50729.6
CP021827.1,451655,51032.6
CP021827.1,451660,50842.6
CP021827.1,452198,148125
CP021827.1,471937,113869
CP021827.1,474083,50409.6
CP021827.1,474185,52229
CP021827.1,475534,149077
CP021827.1,476175,231861
CP021827.1,490361,42479.6
CP021827.1,532285,71202.4
CP021827.1,532290,70700.4
CP021827.1,533426,61571.6
CP021827.1,533434,60212.6
CP021827.1,535412,73986.6
CP021827.1,535426,91314.6
CP021827.1,535440,104924
CP021827.1,535449,106866
CP021827.1,538272,157123
CP021827.1,538279,163863
CP021827.1,538282,175840
CP021827.1,538303,189609
CP021827.1,548915,244710
CP021827.1,551118,147800
CP021827.1,551126,157342
CP021827.1,551127,160677
CP021827.1,551133,159867
CP021827.1,551142,154630
CP021827.1,551145,153141
CP021827.1,551157,140613
CP021827.1,551163,143533
CP021827.1,551310,86588
CP021827.1,551651,803.37
CP021827.1,551736,193388
CP021827.1,551763,178172
CP021827.1,551772,169613
CP021827.1,551778,168512
CP021827.1,551784,174969
CP021827.1,551790,180479
CP021827.1,551808,178934
CP021827.1,551814,167117
CP021827.1,551821,165817
CP021827.1,551823,167476
CP021827.1,551832,170866
CP021827.1,551834,169338
CP021827.1,551841,168342
CP021827.1,551847,175775
CP021827.1,551865,190128
CP021827.1,551871,191402
CP021827.1,551880,180146
CP021827.1,551892,178607
CP021827.1,551902,187036
CP021827.1,551907,174918
CP021827.1,551928,183020
CP021827.1,554063,32644.9
CP021827.1,554119,37794.9
CP021827.1,556101,44460.3
CP021827.1,556106,42723.9
CP021827.1,556422,29414
CP021827.1,586523,11363.5
CP021827.1,586570,11465
CP021827.1,586637,6816.2
CP021827.1,586673,4455.73
CP021827.1,586676,4177.44
CP021827.1,586713,330.67
CP021827.1,586790,711.58
CP021827.1,586819,919.01
CP021827.1,586831,833.91
CP021827.1,594254,102620
CP021827.1,594261,98522.6
CP021827.1,594307,38968.6
CP021827.1,594515,109235
CP021827.1,594516,112779
CP021827.1,595041,3074.37
CP021827.1,595043,4312.37
CP021827.1,595650,118294
CP021827.1,595654,127362
CP021827.1,595668,142952
CP021827.1,595678,156909
CP021827.1,595722,54466.6
CP021827.1,595728,60661.6
CP021827.1,596011,93839
CP021827.1,596021,94001
CP021827.1,596025,92176
CP021827.1,596028,92176
CP021827.1,596030,123740
CP021827.1,596042,143206
CP021827.1,596046,156954
CP021827.1,596059,166590
CP021827.1,596707,31345.7
CP021827.1,596728,20365.7
CP021827.1,597126,182959
CP021827.1,597127,181063
CP021827.1,601914,77069.6
CP021827.1,602508,47203.3
CP021827.1,602530,40113
CP021827.1,602607,68174.6
CP021827.1,604862,67852.3
CP021827.1,606298,1366.52
CP021827.1,608287,84473.6
CP021827.1,608356,49132.3
CP021827.1,608368,49641.3
CP021827.1,639984,24788.4
CP021827.1,640681,7003.57
CP021827.1,661801,9419.76
CP021827.1,661804,8154.44
CP021827.1,661862,4829.11
CP021827.1,661985,2044.51
CP021827.1,662382,12347.2
CP021827.1,662502,29772.6
CP021827.1,662628,1219.8
CP021827.1,662633,1038.47
CP021827.1,663480,44104.7
CP021827.1,663639,32218.8
CP021827.1,681549,157979
CP021827.1,701531,273798
CP021827.1,701538,269889
CP021827.1,702429,17289.3
CP021827.1,702877,208473
CP021827.1,702880,210799
CP021827.1,702895,210889
CP021827.1,702913,197417
CP021827.1,702918,194361
CP021827.1,702930,173909
CP021827.1,702931,169573
CP021827.1,702934,170251
CP021827.1,702948,185934
CP021827.1,702949,184509
CP021827.1,702958,173333
CP021827.1,702967,166070
CP021827.1,702969,155775
CP021827.1,702970,161398
CP021827.1,702985,168874
CP021827.1,702988,160920
CP021827.1,702994,169605
CP021827.1,703232,124096
CP021827.1,703237,134996
CP021827.1,703252,152692
CP021827.1,703261,145814
CP021827.1,703276,157066
CP021827.1,703282,174710
CP021827.1,703291,157231
CP021827.1,703302,160515
CP021827.1,703306,160724
CP021827.1,703324,165165
CP021827.1,703330,169987
CP021827.1,703573,94480.3
CP021827.1,703575,90920.5
CP021827.1,703578,90920.5
CP021827.1,703584,93500.3
CP021827.1,703587,124527
CP021827.1,703596,135401
CP021827.1,703599,142102
CP021827.1,703614,154913
CP021827.1,703617,150795
CP021827.1,704259,8031.27
CP021827.1,704277,590.61
CP021827.1,704633,16946.3
CP021827.1,705509,358.15
CP021827.1,707585,6536.89
CP021827.1,707754,1016.09
CP021827.1,707844,2597.93
CP021827.1,707855,56599.6
CP021827.1,707856,56234.6
CP021827.1,707860,54695.6
CP021827.1,708071,455.94
CP021827.1,708080,79982.6
CP021827.1,708092,79087.6
CP021827.1,708380,1126.6
CP021827.1,708434,4649.24
CP021827.1,708435,4544.92
CP021827.1,708442,4756.31
CP021827.1,708476,7419.17
CP021827.1,708524,16977.8
CP021827.1,708956,11399
CP021827.1,709006,10074.7
CP021827.1,719422,211207
CP021827.1,719431,211684
CP021827.1,735678,2697.37
CP021827.1,735689,4743.52
CP021827.1,770043,154.5
CP021827.1,770137,8885.15
CP021827.1,773282,3213.04
CP021827.1,773324,2220.99
CP021827.1,773342,2203.04
CP021827.1,774022,383.11
CP021827.1,777791,202.87
CP021827.1,778433,264.51
CP021827.1,778438,585.1
CP021827.1,778447,2794.96
CP021827.1,778456,6638.66
CP021827.1,778462,8789.98
CP021827.1,778468,10565.5
CP021827.1,778492,23900.2
CP021827.1,778502,21713.2
CP021827.1,778510,17930.3
CP021827.1,793546,1214.47
CP021827.1,793559,2238.21
CP021827.1,793560,3051.65
CP021827.1,793567,2658.99
CP021827.1,793579,3869.38
CP021827.1,793588,3217.38
CP021827.1,793591,3216.6
CP021827.1,809071,6297.37
CP021827.1,825640,169289
CP021827.1,888075,188182
CP021827.1,903480,47532.6
CP021827.1,933775,79777.6
CP021827.1,958334,117.37
CP021827.1,958352,90673
CP021827.1,962638,195.91
CP021827.1,962644,465.91
CP021827.1,962653,511.22
CP021827.1,962660,786.91
CP021827.1,962668,1746.23
CP021827.1,962673,2830.04
CP021827.1,962686,7018.45
CP021827.1,1009532,44918.6
CP021827.1,1009548,216.76
CP021827.1,1009563,258.32
CP021827.1,1009630,190.96
CP021827.1,1010097,12251.2
CP021827.1,1010789,13296.1
CP021827.1,1010932,6082.15
CP021827.1,1011310,792.71
CP021827.1,1011356,802.1
CP021827.1,1013618,5021.55
CP021827.1,1014176,913.84
CP021827.1,1014317,12544.7
CP021827.1,1014371,12372.2
CP021827.1,1014386,6943.41
CP021827.1,1014389,6191.86
CP021827.1,1014455,8722.78
CP021827.1,1014461,6016.19
CP021827.1,1084966,4534.79
CP021827.1,1086897,77118.7
CP021827.1,1132446,124034
CP021827.1,1132449,124599
CP021827.1,1132453,136588
CP021827.1,1132462,148940
CP021827.1,1133011,201445
CP021827.1,1133017,193401
CP021827.1,1133218,164217
CP021827.1,1133425,176878
CP021827.1,1133515,220994
CP021827.1,1133518,213397
CP021827.1,1133521,236735
CP021827.1,1173412,614.95
CP021827.1,1173420,575.59
CP021827.1,1173432,521.24
CP021827.1,1173452,690.34
CP021827.1,1189635,7798.32
CP021827.1,1199494,16049.5
CP021827.1,1199501,16592.1
CP021827.1,1199524,17541.3
CP021827.1,1199746,3207.69
CP021827.1,1200993,3837.99
CP021827.1,1201056,4015.9
CP021827.1,1201085,1336.58
CP021827.1,1201804,185.91
CP021827.1,1202172,7556.21
CP021827.1,1202352,4009.32
CP021827.1,1202378,2446.33
CP021827.1,1202379,3166.64
CP021827.1,1202439,5519.07
CP021827.1,1202965,3121.12
CP021827.1,1236030,8579.6
CP021827.1,1236099,5591.75
CP021827.1,1236257,940.28
CP021827.1,1236319,1127.37
CP021827.1,1236609,689.81
CP021827.1,1236666,201.87
CP021827.1,1236699,492.02
CP021827.1,1236845,7344.09
CP021827.1,1236872,6299.8
CP021827.1,1237036,4749.48
CP021827.1,1237194,14920.1
CP021827.1,1237501,1042.73
CP021827.1,1238223,1171.87
CP021827.1,1238263,1526.25
CP021827.1,1238268,1544.82
CP021827.1,1238277,1653.1
CP021827.1,1238283,1478.62
CP021827.1,1238301,2115.81
CP021827.1,1238313,4000.99
CP021827.1,1238319,5120.98
CP021827.1,1238322,3631.02
CP021827.1,1238349,5826.45
CP021827.1,1238355,4149.67
CP021827.1,1238379,649.47
CP021827.1,1238395,603.32
CP021827.1,1238403,1994.78
CP021827.1,1238424,1066.84
CP021827.1,1238425,445.63
CP021827.1,1238532,9332.93
CP021827.1,1238748,47853
CP021827.1,1238757,47402.1
CP021827.1,1238766,38925.8
CP021827.1,1238771,28913.8
CP021827.1,1238774,11357.1
CP021827.1,1238784,42083.9
CP021827.1,1238804,52929.5
CP021827.1,1238814,53027.3
CP021827.1,1251680,2100.24
CP021827.1,1251716,1277.6
CP021827.1,1251722,2957.65
CP021827.1,1251737,1415.1
CP021827.1,1251743,750.34
CP021827.1,1251808,21975.8
CP021827.1,1251859,3748.3
CP021827.1,1272656,18881.3
CP021828.1,41688,163305
CP021828.1,41690,167470
CP021828.1,41700,173263
CP021828.1,41702,170618
CP021828.1,154761,162366
CP021828.1,154762,162285
CP021828.1,162459,18720.5
CP021828.1,164262,217498
CP021828.1,164965,26354.9
CP021828.1,165315,205754
CP021828.1,165330,210140
CP021828.1,167954,245859
CP021828.1,167962,243034
CP021828.1,167965,243416
CP021828.1,167977,213252
CP021828.1,167978,216620
CP021828.1,167980,119788
CP021828.1,167985,163100
CP021828.1,167986,164225
CP021828.1,167997,180419
CP021828.1,168005,180822
CP021828.1,168006,180780
CP021828.1,168010,212825
CP021828.1,168021,223355
CP021828.1,168023,231921
CP021828.1,168029,257980
CP021828.1,168049,268096
CP021828.1,168053,278996
CP021828.1,168069,285452
CP021828.1,168078,297720
CP021828.1,168079,297489
CP021828.1,168089,300118
CP021828.1,168101,279011
CP021828.1,189160,249304
CP021828.1,189171,272835
CP021828.1,190196,84011
CP021828.1,194383,240564
CP021828.1,194387,240106
CP021828.1,194403,241356
CP021828.1,195352,165660
CP021828.1,195354,144630
CP021828.1,195381,234624
CP021828.1,202862,201468
CP021828.1,202886,216498
CP021828.1,203311,231897
CP021828.1,204019,220290
CP021828.1,220715,59785.1
CP021828.1,220732,65978.4
CP021828.1,220735,66608.4
CP021828.1,220742,71558.4
CP021828.1,220745,73563.6
CP021828.1,220751,123465
CP021828.1,220756,136083
CP021828.1,220772,130156
CP021828.1,220773,137095
CP021828.1,220778,134182
CP021828.1,221072,154090
CP021828.1,221077,147709
CP021828.1,221080,153657
CP021828.1,221087,154479
CP021828.1,221099,145945
CP021828.1,221102,144945
CP021828.1,221576,126467
CP021828.1,221579,130681
CP021828.1,221587,131222
CP021828.1,221598,123795
CP021828.1,221603,115000
CP021828.1,221609,113131
CP021828.1,221615,105770
CP021828.1,221618,84330.6
CP021828.1,221621,82170.6
CP021828.1,221624,83111.6
CP021828.1,221673,114148
CP021828.1,221678,116681
CP021828.1,221684,118085
CP021828.1,225129,226266
CP021828.1,225887,3689.37
CP021828.1,225895,5998.85
CP021828.1,225933,3509.47
CP021828.1,227494,205760
CP021828.1,227899,2731.37
CP021828.1,227901,4792.91
CP021828.1,228682,188128
CP021828.1,228700,218492
CP021828.1,228844,183300
CP021828.1,228847,159740
CP021828.1,228856,153703
CP021828.1,228859,147769
CP021828.1,228863,148589
CP021828.1,242266,146039
CP021828.1,242275,152169
CP021828.1,242284,148836
CP021828.1,242286,136135
CP021828.1,242287,136810
CP021828.1,242290,178400
CP021828.1,242299,178989
CP021828.1,242302,191367
CP021828.1,242323,212738
CP021828.1,242455,242301
CP021828.1,244359,194975
CP021828.1,244442,174763
CP021828.1,244967,227511
CP021828.1,244976,230188
CP021828.1,244988,238025
CP021828.1,245000,223219
CP021828.1,245009,238064
CP021828.1,245024,229320
CP021828.1,245025,230203
CP021828.1,245045,225159
CP021828.1,245215,167739
CP021828.1,245231,190224
CP021828.1,245250,156221
CP021828.1,245258,156523
CP021828.1,245342,172280
CP021828.1,245347,164834
CP021828.1,245351,159811
CP021828.1,245374,152056
CP021828.1,245475,126706
CP021828.1,245491,124648
CP021828.1,245493,142538
CP021828.1,245496,147606
CP021828.1,245510,161625
CP021828.1,245525,176148
CP021828.1,245549,177141
CP021828.1,245555,180966
CP021828.1,245556,179682
CP021828.1,245561,181871
CP021828.1,245579,181912
CP021828.1,245580,179581
CP021828.1,245582,174368
CP021828.1,245594,187197
CP021828.1,245610,157032
CP021828.1,245841,61697.2
CP021828.1,247150,516.87
CP021828.1,247151,517.34
CP021828.1,247162,1138.39
CP021828.1,247168,1362.27
CP021828.1,247174,62767.3
CP021828.1,247178,891.47
CP021828.1,247181,706.34
CP021828.1,247211,6022.8
CP021828.1,247240,32330.1
CP021828.1,247245,32991.6
CP021828.1,247252,34960.6
CP021828.1,247256,37083.6
CP021828.1,247264,794.37
CP021828.1,247278,2147.37
CP021828.1,249121,73431.5
CP021828.1,249146,78126.7
CP021828.1,253314,40229.6
CP021828.1,256680,22972
CP021828.1,256735,24594.5
CP021828.1,256777,81005.3
CP021828.1,256848,75309.3
CP021828.1,257189,201096
CP021828.1,257203,211387
CP021828.1,267152,127836
CP021828.1,267473,56804
CP021828.1,267477,43934.1
CP021828.1,267491,701.91
CP021828.1,267541,32187
CP021828.1,267546,34402.2
CP021828.1,267686,67295
CP021828.1,268095,81293
CP021828.1,268104,93030.1
CP021828.1,268110,97052.8
CP021828.1,268115,98370.8
CP021828.1,268186,116398
CP021828.1,268201,105655
CP021828.1,268207,57908.8
CP021828.1,268239,121363
CP021828.1,268987,157005
CP021828.1,272714,103241
CP021828.1,272725,125803
CP021828.1,272770,114840
CP021828.1,272785,148807
CP021828.1,272788,148226
CP021828.1,272792,141827
CP021828.1,272813,104017
CP021828.1,272824,95168.3
CP021828.1,278459,271749
CP021828.1,278483,251899
CP021828.1,278501,221058
CP021828.1,278503,183399
CP021828.1,278505,177248
CP021828.1,278507,179729
CP021828.1,278508,175596
CP021828.1,278510,175931
CP021828.1,281319,592.47
CP021828.1,284703,154929
CP021828.1,284714,104950
CP021828.1,284723,93554
CP021828.1,284748,60911.1
CP021828.1,284765,37067.3
CP021828.1,284766,35961.8
CP021828.1,284773,29103.3
CP021828.1,284794,26831.5
CP021828.1,284848,71.07
CP021828.1,284860,93486
CP021828.1,285106,2676.98
CP021828.1,285187,83464.6
CP021828.1,285282,140312
CP021828.1,285298,356.94
CP021828.1,285301,451.54
CP021828.1,285307,120354
CP021828.1,285310,114632
CP021828.1,288053,57466.6
CP021828.1,288056,2347.7
CP021828.1,288070,150.91
CP021828.1,288074,64061.7
CP021828.1,288081,60593.2
CP021828.1,288091,102562
CP021828.1,290165,225310
CP021828.1,290171,202689
CP021828.1,290177,205191
CP021828.1,290189,195611
CP021828.1,291191,29511.3
CP021828.1,292665,78570.9
CP021828.1,296579,198404
CP021828.1,297062,142671
CP021828.1,297074,144018
CP021828.1,297077,140002
CP021828.1,297100,7040.91
CP021828.1,297103,1295.37
CP021828.1,297634,129760
CP021828.1,297736,2993.91
CP021828.1,297754,37318.5
CP021828.1,297802,32206.7
CP021828.1,298110,987.49
CP021828.1,298986,19471.6
CP021828.1,299051,21079
CP021828.1,300817,6478.84
CP021828.1,300818,6478.95
CP021828.1,301029,308.87
CP021828.1,301032,260.22
CP021828.1,301035,241.87
CP021828.1,301039,242.19
CP021828.1,301132,4004.92
CP021828.1,301153,50441.6
CP021828.1,301231,18731.1
CP021828.1,301273,36969.9
CP021828.1,301297,367.61
CP021828.1,301548,32490.7
CP021828.1,301581,29048.7
CP021828.1,301641,107441
CP021828.1,301647,105963
CP021828.1,301875,44419.6
CP021828.1,302464,13244.9
CP021828.1,312255,49303.6
CP021828.1,312256,49527.6
CP021828.1,359800,51812.6
CP021828.1,360934,68768.9
CP021828.1,363376,206415
CP021828.1,363384,208595
CP021828.1,363405,216572
CP021828.1,363420,217553
CP021828.1,364722,90240.7
CP021828.1,364743,81762.6
CP021828.1,364885,153078
CP021828.1,364930,370.54
CP021828.1,364939,212670
CP021828.1,365005,219954
CP021828.1,365016,2222.22
CP021828.1,365134,679.87
CP021828.1,365140,3461.33
CP021828.1,365142,2654.13
CP021828.1,365146,1958.13
CP021828.1,365158,1716.87
CP021828.1,365161,1041.87
CP021828.1,365169,1116.87
CP021828.1,365170,690.91
CP021828.1,365221,5002.6
CP021828.1,365233,5105.12
CP021828.1,365248,2995.05
CP021828.1,365251,2859.26
CP021828.1,365254,3016.34
CP021828.1,365264,8430
CP021828.1,365296,6984.3
CP021828.1,365299,10029.3
CP021828.1,365326,6416.24
CP021828.1,365329,25105.8
CP021828.1,365413,1508.74
CP021828.1,365419,1076.81
CP021828.1,365422,96651.8
CP021828.1,365437,1095.91
CP021828.1,365441,338171
CP021828.1,365443,1215.1
CP021828.1,365455,4029.48
CP021828.1,365462,3536.08
CP021828.1,365470,45821.3
CP021828.1,365473,47374.8
CP021828.1,365479,944.47
CP021828.1,365506,4473.5
CP021828.1,365512,9409.64
CP021828.1,365529,24147.3
CP021828.1,365581,3849.57
CP021828.1,365582,4158.51
CP021828.1,365593,70184
CP021828.1,365602,70716.9
CP021828.1,365605,629.47
CP021828.1,365659,366.9
CP021828.1,365701,1893.99
CP021828.1,365703,2285.47
CP021828.1,365733,5317.41
CP021828.1,365740,5495.19
CP021828.1,365743,5855.8
CP021828.1,365766,3199.62
CP021828.1,365781,105.91
CP021828.1,365794,277.82
CP021828.1,365824,602.19
CP021828.1,365828,677.1
CP021828.1,365839,2186.09
CP021828.1,365854,2549.38
CP021828.1,365857,78315.8
CP021828.1,365865,286.9
CP021828.1,365868,331.87
CP021828.1,365872,466.53
CP021828.1,365880,466.54
CP021828.1,365881,1338.88
CP021828.1,365883,11850.9
CP021828.1,365899,16119.3
CP021828.1,365902,15782.3
CP021828.1,365931,7026.9
CP021828.1,366016,144003
CP021828.1,366022,143061
CP021828.1,366028,132461
CP021828.1,366040,161046
CP021828.1,366046,220478
CP021828.1,366066,212698
CP021828.1,366073,221997
CP021828.1,366088,254843
CP021828.1,366096,245369
CP021828.1,366101,236990
CP021828.1,366105,236765
CP021828.1,366110,278633
CP021828.1,366119,281232
CP021828.1,366128,285562
CP021828.1,366129,292084
CP021828.1,378135,48490.4
CP021828.1,392642,8240.64
CP021828.1,392819,8398.62
CP021828.1,443335,72805.7
CP021828.1,443340,72071.6
CP021828.1,626021,2531.24
CP021828.1,626038,2387.21
CP021828.1,626055,3609.25
CP021828.1,626056,3184.21
CP021828.1,626067,3405.08
CP021828.1,626086,4463.17
CP021828.1,626107,3699.74
CP021828.1,626113,3664.17
CP021828.1,626140,43
CP021828.1,626152,1896.91
CP021828.1,626167,4253.98
CP021828.1,626170,2743.4
CP021828.1,626221,12454.6
CP021828.1,626227,10396.3
CP021828.1,626260,13158.6
CP021828.1,626271,12082.2
CP021828.1,626284,10668.7
CP021828.1,626286,11613.5
CP021828.1,626293,10563.6
CP021828.1,626298,11968.2
CP021828.1,626305,9228.86
CP021828.1,626308,8854.42
CP021828.1,661775,1287.69
CP021828.1,897897,146865
CP021828.1,898491,520.91
CP021828.1,898511,555.91
CP021828.1,898518,735.91
CP021828.1,898531,605.91
CP021828.1,898533,605.91
CP021828.1,911042,3788.37
CP021828.1,994802,479.34
CP021828.1,994803,577.06
CP021828.1,995452,176.91
CP021828.1,1048335,152554
CP021828.1,1252297,104634
CP021828.1,1322288,82996.1
CP021828.1,1322354,33603.4
CP021828.1,1322412,53871.7
CP021828.1,1335394,155729
CP021828.1,1335411,158972
CP021828.1,1335427,186225
CP021828.1,1335430,175830
CP021828.1,1335446,180248
CP021828.1,1452970,274.38
CP021828.1,1452986,3368.86
CP021828.1,1471780,13145.9
CP021828.1,1614622,82797.6
