"ps","CHROM","REF","ALT","QUAL","AF","type","impact","gene","DP","origin","Novel","ncbi_func","RefSeq_ID","protein_ID","gene_ID","var_type","min_allele","maf_267","maf_270","maf_276","maf_279","maf_313","maf_anc","maf"
10624,"CP021825.1","TCTGGCCGGACG","T",21621,0.184,"non_coding_transcript_exon_variant","MODIFIER","gene3",2001,"270, 279, 267","Yes","LuxR family transcriptional regulator","YP_001328801.1",NA,"gene5","DEL","T",0.5,0.333333333333333,0,0.0909090909090909,0,0,0.183673469387755
12013,"CP021827.1","AT","A",62522.9,0.478,"intergenic_region","MODIFIER","CDO23_19050-CDO23_19060",4638,"anc, 270, 276, 279, 313, 267","No","hypothetical protein","WP_020479826.1",NA,"gene3809","DEL","A",0.5,0.5,0.666666666666667,0.454545454545455,0.333333333333333,0.333333333333333,0.448979591836735
12058,"CP021827.1","AGGG","A",31140.2,0.469,"intergenic_region","MODIFIER","CDO23_19050-CDO23_19060",1806,"anc, 270, 276, 279, 313, 267","No","hypothetical protein","WP_020479826.1",NA,"gene3809","DEL","A",0.5,0.583333333333333,0.666666666666667,0.454545454545455,0.333333333333333,0.333333333333333,0.469387755102041
16476,"CP021827.1","A","AC",32930.5,0.467,"intergenic_region","MODIFIER","CDO23_19090-CDO23_19100",3132,"anc, 270, 276, 279, 313, 267","No","intergenic",NA,NA,NA,"INS","AC",0.375,0.5,0.666666666666667,0.181818181818182,0.333333333333333,0.666666666666667,0.428571428571429
74787,"CP021827.1","G","A",227.47,0.043,"synonymous_variant","LOW","CDO23_19390",2188,"267","Yes","cytochrome C","WP_013845116.1","ASQ06150.1","gene3876","SNP","A",0.25,0,0,0,0,0,0.0408163265306122
74828,"CP021827.1","G","C",24214.1,0.939,"missense_variant","MODERATE","CDO23_19390",3233,"anc, 267","No","cytochrome C","WP_013845116.1","ASQ06150.1","gene3876","SNP","G",0.125,0,0,0,0,0.222222222222222,0.0612244897959184
74859,"CP021827.1","GC","G",16792.4,0.792,"frameshift_variant","HIGH","CDO23_19390",3786,"anc, 270, 279, 267","No","cytochrome C","WP_013845116.1","ASQ06150.1","gene3876","DEL","GC",0.375,0.0833333333333333,0,0.272727272727273,0,0.333333333333333,0.204081632653061
74963,"CP021827.1","CG","C",19857.3,0.837,"frameshift_variant","HIGH","CDO23_19390",3649,"270, 279, 267","Yes","cytochrome C","WP_013845116.1","ASQ06150.1","gene3876","DEL","CG",0.375,0.0833333333333333,0,0.363636363636364,0,0,0.163265306122449
74986,"CP021827.1","G","C",29914.7,0.957,"missense_variant","MODERATE","CDO23_19390",2852,"267","Yes","cytochrome C","WP_013845116.1","ASQ06150.1","gene3876","SNP","G",0.25,0,0,0,0,0,0.0408163265306122
109668,"CP021827.1","G","C",206.46,0.082,"missense_variant","MODERATE","CDO23_19570",994,"anc, 270, 279","No","cytochrome C","NP_435307.1","ASQ06182.1","gene3912","SNP","C",0,0.166666666666667,0,0.0909090909090909,0,0.111111111111111,0.0816326530612245
143947,"CP021826.1","AT","A",81252.1,0.531,"frameshift_variant","HIGH","CDO23_18785",4296,"anc, 270, 276, 279, 313, 267","No","IS5/IS1182 family transposase","WP_014327878.1","ASQ06037.1","gene3756","DEL","AT",0.625,0.333333333333333,0.333333333333333,0.545454545454545,0.333333333333333,0.555555555555556,0.469387755102041
148361,"CP021826.1","CA","C",47167.5,0.978,"intergenic_region","MODIFIER","CDO23_18810-CDO23_18815",2045,"267","Yes","intergenic",NA,NA,NA,"DEL","CA",0.125,0,0,0,0,0,0.0204081632653061
162459,"CP021828.1","A","AAAGT",18720.5,0.289,"intergenic_region","MODIFIER","CDO23_26375-CDO23_26380",3754,"anc, 270, 276, 279, 313, 267","No","intergenic",NA,NA,NA,"INS","AAAGT",0.25,0.5,0.666666666666667,0.0909090909090909,0.166666666666667,0.111111111111111,0.26530612244898
164965,"CP021828.1","CCG","C",26354.9,0.306,"frameshift_variant","HIGH","CDO23_26385",4301,"anc, 270, 276, 279, 313, 267","No","chemotaxis protein","YP_001314415.1","ASQ07344.1","gene5276","DEL","C",0.125,0.5,0.333333333333333,0.181818181818182,0.166666666666667,0.444444444444444,0.306122448979592
168101,"CP021828.1","G","GT",279011,0.98,"intergenic_region","MODIFIER","CDO23_26390-CDO23_26395",6447,"279","Yes","intergenic",NA,NA,NA,"INS","G",0,0,0,0.0909090909090909,0,0,0.0204081632653061
189160,"CP021828.1","A","G",249304,0.979,"intergenic_region","MODIFIER","CDO23_26500-CDO23_26510",6002,"276","Yes","intergenic",NA,NA,NA,"SNP","A",0,0,0.333333333333333,0,0,0,0.0204081632653061
195354,"CP021828.1","G","GCA",144630,0.959,"frameshift_variant","HIGH","CDO23_26565",3360,"270, 267","Yes","hypothetical protein","WP_017267932.1","ASQ07370.1","gene5312","INS","G",0.125,0.0833333333333333,0,0,0,0,0.0408163265306122
195381,"CP021828.1","A","G",234624,0.98,"missense_variant","MODERATE","CDO23_26565",5369,"270","Yes","hypothetical protein","WP_017267932.1","ASQ07370.1","gene5312","SNP","A",0,0.0833333333333333,0,0,0,0,0.0204081632653061
218304,"CP021825.1","C","T",2339.37,0.02,"synonymous_variant","LOW","atpD",1728,"279","Yes","ATP synthase subunit beta","NP_387140.1","ASQ02663.1","gene209","SNP","T",0,0,0,0.0909090909090909,0,0,0.0204081632653061
220772,"CP021828.1","C","CTT",130156,0.938,"frameshift_variant","HIGH","CDO23_26705",3147,"anc, 279, 267","No","membrane assembly protein AsmA","YP_001313723.1","ASQ07394.1","gene5340","INS","C",0.125,0,0,0.0909090909090909,0,0.111111111111111,0.0612244897959184
225129,"CP021828.1","T","C",226266,0.98,"synonymous_variant","LOW","CDO23_26715",4892,"267","Yes","fatty acid desaturase","NP_437098.2","ASQ07396.1","gene5342","SNP","T",0.125,0,0,0,0,0,0.0204081632653061
225887,"CP021828.1","T","A",3689.37,0.02,"synonymous_variant","LOW","CDO23_26725",4482,"279","Yes","ferredoxin reductase","NP_437100.1","ASQ07398.1","gene5344","SNP","A",0,0,0,0.0909090909090909,0,0,0.0204081632653061
225895,"CP021828.1","A","C",5998.85,0.022,"missense_variant","MODERATE","CDO23_26725",4546,"267","Yes","ferredoxin reductase","NP_437100.1","ASQ07398.1","gene5344","SNP","C",0.125,0,0,0,0,0,0.0204081632653061
225933,"CP021828.1","GGC","G",3509.47,0.082,"frameshift_variant","HIGH","CDO23_26725",4706,"anc, 270, 276","No","ferredoxin reductase","NP_437100.1","ASQ07398.1","gene5344","DEL","G",0,0.0833333333333333,0.333333333333333,0,0,0.222222222222222,0.0816326530612245
227899,"CP021828.1","C","A",2731.37,0.02,"intergenic_region","MODIFIER","CDO23_26730-CDO23_26735",4608,"279","Yes","intergenic",NA,NA,NA,"SNP","A",0,0,0,0.0909090909090909,0,0,0.0204081632653061
227901,"CP021828.1","T","G",4792.91,0.041,"intergenic_region","MODIFIER","CDO23_26730-CDO23_26735",4509,"279","Yes","intergenic",NA,NA,NA,"SNP","G",0,0,0,0.181818181818182,0,0,0.0408163265306122
245493,"CP021828.1","GGC","G",142538,0.959,"frameshift_variant","HIGH","CDO23_26820",2784,"279, 313","Yes","cell surface protein","NP_437117.1","ASQ07411.1","gene5363","DEL","GGC",0,0,0,0.0909090909090909,0.166666666666667,0,0.0408163265306122
245841,"CP021828.1","GT","G",61697.2,0.625,"frameshift_variant","HIGH","CDO23_26825",3156,"anc, 270, 276, 279, 313, 267","No","nucleotidyltransferase","NP_437118.1","ASQ07412.1","gene5364","DEL","GT",0.5,0.416666666666667,0.666666666666667,0.363636363636364,0.333333333333333,0.111111111111111,0.36734693877551
247174,"CP021828.1","T","C",62767.3,0.896,"intergenic_region","MODIFIER","CDO23_26830-CDO23_26835",2613,"270, 279, 267","Yes","intergenic",NA,NA,NA,"SNP","T",0.125,0.0833333333333333,0,0.272727272727273,0,0,0.102040816326531
247211,"CP021828.1","G","T",6022.8,0.367,"intergenic_region","MODIFIER","CDO23_26830-CDO23_26835",3105,"anc, 270, 276, 279, 313, 267","No","intergenic",NA,NA,NA,"SNP","T",0.25,0.416666666666667,0.333333333333333,0.363636363636364,0.5,0.333333333333333,0.36734693877551
247240,"CP021828.1","C","CT",32330.1,0.551,"intergenic_region","MODIFIER","CDO23_26830-CDO23_26835",2784,"anc, 270, 276, 279, 313, 267","No","intergenic",NA,NA,NA,"INS","C",0.625,0.5,0.333333333333333,0.363636363636364,0.333333333333333,0.444444444444444,0.448979591836735
247256,"CP021828.1","T","C",37083.6,0.571,"intergenic_region","MODIFIER","CDO23_26830-CDO23_26835",2785,"anc, 270, 276, 279, 313, 267","No","intergenic",NA,NA,NA,"SNP","T",0.5,0.416666666666667,0.333333333333333,0.454545454545455,0.333333333333333,0.444444444444444,0.428571428571429
247264,"CP021828.1","T","G",794.37,0.02,"intergenic_region","MODIFIER","CDO23_26830-CDO23_26835",2679,"anc","No","intergenic",NA,NA,NA,"SNP","G",0,0,0,0,0,0.111111111111111,0.0204081632653061
247278,"CP021828.1","C","A",2147.37,0.02,"intergenic_region","MODIFIER","CDO23_26830-CDO23_26835",4118,"267","Yes","intergenic",NA,NA,NA,"SNP","A",0.125,0,0,0,0,0,0.0204081632653061
249146,"CP021828.1","ATT","A",78126.7,0.653,"intergenic_region","MODIFIER","CDO23_26840-CDO23_26845",3031,"anc, 270, 279, 313, 267","No","intergenic",NA,NA,NA,"DEL","ATT",0.625,0.25,0,0.181818181818182,0.333333333333333,0.555555555555556,0.346938775510204
256680,"CP021828.1","C","CG",22972,0.283,"intergenic_region","MODIFIER","CDO23_26875-CDO23_26885",2690,"anc, 270, 276, 279, 313, 267","No","intergenic",NA,NA,NA,"INS","CG",0.125,0.333333333333333,0.333333333333333,0.272727272727273,0.166666666666667,0.333333333333333,0.26530612244898
267152,"CP021828.1","CG","C",127836,0.918,"intergenic_region","MODIFIER","CDO23_26935-CDO23_26940",6116,"anc, 276, 267","No","intergenic",NA,NA,NA,"DEL","CG",0.125,0,0.333333333333333,0,0,0.222222222222222,0.0816326530612245
267473,"CP021828.1","C","T",56804,0.915,"intergenic_region","MODIFIER","CDO23_26940-CDO23_26950",2761,"anc, 276, 267","No","intergenic",NA,NA,NA,"SNP","C",0.125,0,0.666666666666667,0,0,0.111111111111111,0.0816326530612245
267491,"CP021828.1","G","C",701.91,0.041,"intergenic_region","MODIFIER","CDO23_26940-CDO23_26950",2592,"279, 267","Yes","intergenic",NA,NA,NA,"SNP","C",0.125,0,0,0.0909090909090909,0,0,0.0408163265306122
267541,"CP021828.1","G","GGT",32187,0.565,"intergenic_region","MODIFIER","CDO23_26940-CDO23_26950",3228,"anc, 270, 276, 279, 313, 267","No","intergenic",NA,NA,NA,"INS","G",0.375,0.5,0.333333333333333,0.363636363636364,0.833333333333333,0.111111111111111,0.408163265306122
267546,"CP021828.1","C","CG",34402.2,0.587,"intergenic_region","MODIFIER","CDO23_26940-CDO23_26950",2910,"anc, 270, 276, 279, 313, 267","No","intergenic",NA,NA,NA,"INS","C",0.25,0.333333333333333,0.333333333333333,0.454545454545455,0.833333333333333,0.222222222222222,0.387755102040816
268239,"CP021828.1","C","CGA",121363,0.633,"intergenic_region","MODIFIER","CDO23_26940-CDO23_26950",3966,"anc, 270, 276, 279, 313","No","hypothetical protein","NP_437140.1",NA,"gene5388","INS","C",0,0.25,1,0.454545454545455,0.666666666666667,0.333333333333333,0.36734693877551
272788,"CP021828.1","A","AC",148226,0.939,"intergenic_region","MODIFIER","CDO23_26990-CDO23_27000",3519,"279, 313","Yes","hypothetical protein","WP_014530542.1",NA,"gene5398","INS","A",0,0,0,0.0909090909090909,0.333333333333333,0,0.0612244897959184
278508,"CP021828.1","G","GT",175596,0.98,"intergenic_region","MODIFIER","CDO23_27015-CDO23_27020",4211,"313","Yes","intergenic",NA,NA,NA,"INS","G",0,0,0,0,0.166666666666667,0,0.0204081632653061
281319,"CP021828.1","A","C",592.47,0.082,"missense_variant","MODERATE","CDO23_27030",3862,"270, 279, 313","Yes","hypothetical protein","WP_015008388.1","ASQ08597.1","gene5405","SNP","C",0,0.0833333333333333,0,0.181818181818182,0.166666666666667,0,0.0816326530612245
284748,"CP021828.1","T","G",60911.1,0.796,"missense_variant","MODERATE","CDO23_27050",5362,"anc, 270, 279, 267","No","hypothetical protein","WP_017263565.1","ASQ08598.1","gene5409","SNP","T",0.25,0.333333333333333,0,0.0909090909090909,0,0.333333333333333,0.204081632653061
284766,"CP021828.1","C","A",35961.8,0.708,"missense_variant","MODERATE","CDO23_27050",5361,"anc, 270, 279, 313, 267","No","hypothetical protein","WP_017263565.1","ASQ08598.1","gene5409","SNP","C",0.25,0.333333333333333,0,0.272727272727273,0.166666666666667,0.444444444444444,0.285714285714286
284773,"CP021828.1","T","C",29103.3,0.646,"synonymous_variant","LOW","CDO23_27050",5799,"anc, 270, 276, 279, 267","No","hypothetical protein","WP_017263565.1","ASQ08598.1","gene5409","SNP","T",0.25,0.416666666666667,0.333333333333333,0.272727272727273,0,0.666666666666667,0.346938775510204
284794,"CP021828.1","A","G",26831.5,0.646,"synonymous_variant","LOW","CDO23_27050",6454,"anc, 270, 279, 267","No","hypothetical protein","WP_017263565.1","ASQ08598.1","gene5409","SNP","A",0.25,0.416666666666667,0,0.363636363636364,0,0.666666666666667,0.346938775510204
284848,"CP021828.1","C","T",71.07,0.061,"synonymous_variant","LOW","CDO23_27050",5734,"anc, 270, 267","No","hypothetical protein","WP_017263565.1","ASQ08598.1","gene5409","SNP","T",0.125,0.0833333333333333,0,0,0,0.111111111111111,0.0612244897959184
284860,"CP021828.1","G","A",93486,0.98,"synonymous_variant","LOW","CDO23_27050",5884,"anc","No","hypothetical protein","WP_017263565.1","ASQ08598.1","gene5409","SNP","G",0,0,0,0,0,0.111111111111111,0.0204081632653061
285106,"CP021828.1","G","C",2676.98,0.204,"missense_variant","MODERATE","CDO23_27055",2989,"anc, 270, 276, 279, 267","No","hypothetical protein","NP_437157.1","ASQ08599.1","gene5410","SNP","C",0.125,0.333333333333333,0.333333333333333,0.0909090909090909,0,0.333333333333333,0.204081632653061
285187,"CP021828.1","G","C",83464.6,0.959,"missense_variant","MODERATE","CDO23_27055",5846,"270","Yes","hypothetical protein","NP_437157.1","ASQ08599.1","gene5410","SNP","G",0,0.166666666666667,0,0,0,0,0.0408163265306122
285282,"CP021828.1","C","T",140312,0.957,"missense_variant","MODERATE","CDO23_27055",5184,"276, 279","Yes","hypothetical protein","NP_437157.1","ASQ08599.1","gene5410","SNP","C",0,0,0.333333333333333,0.0909090909090909,0,0,0.0408163265306122
285298,"CP021828.1","G","A",356.94,0.064,"synonymous_variant","LOW","CDO23_27055",4402,"270, 276, 279","Yes","hypothetical protein","NP_437157.1","ASQ08599.1","gene5410","SNP","A",0,0.0833333333333333,0.333333333333333,0.0909090909090909,0,0,0.0612244897959184
285301,"CP021828.1","G","A",451.54,0.087,"synonymous_variant","LOW","CDO23_27055",4368,"270, 276, 279","Yes","hypothetical protein","NP_437157.1","ASQ08599.1","gene5410","SNP","A",0,0.166666666666667,0.333333333333333,0.0909090909090909,0,0,0.0816326530612245
288053,"CP021828.1","GCC","G",57466.6,0.833,"intergenic_region","MODIFIER","CDO23_27065-CDO23_27080",2416,"anc, 276, 279, 313, 267","No","intergenic",NA,NA,NA,"DEL","GCC",0.125,0,0.333333333333333,0.272727272727273,0.166666666666667,0.222222222222222,0.163265306122449
288056,"CP021828.1","C","A",2347.7,0.146,"intergenic_region","MODIFIER","CDO23_27065-CDO23_27080",2344,"anc, 276, 279, 313, 267","No","intergenic",NA,NA,NA,"SNP","A",0.125,0,0.333333333333333,0.181818181818182,0.166666666666667,0.222222222222222,0.142857142857143
288081,"CP021828.1","CGCGAGT","C",60593.2,0.938,"intergenic_region","MODIFIER","CDO23_27065-CDO23_27080",2062,"279, 267","Yes","intergenic",NA,NA,NA,"DEL","CGCGAGT",0.125,0,0,0.181818181818182,0,0,0.0612244897959184
291191,"CP021828.1","CG","C",29511.3,0.449,"intergenic_region","MODIFIER","CDO23_27095-CDO23_27100",2547,"anc, 270, 276, 279, 313, 267","No","intergenic",NA,NA,NA,"DEL","C",0.375,0.5,0.666666666666667,0.454545454545455,0.166666666666667,0.555555555555556,0.448979591836735
292665,"CP021828.1","T","TA",78570.9,0.447,"intergenic_region","MODIFIER","CDO23_27105-CDO23_27110",4242,"anc, 270, 276, 279, 313, 267","No","intergenic",NA,NA,NA,"INS","TA",0.375,0.333333333333333,0.333333333333333,0.454545454545455,0.333333333333333,0.666666666666667,0.428571428571429
296579,"CP021828.1","T","TC",198404,0.935,"intergenic_region","MODIFIER","acpP-CDO23_27150",4740,"270, 279, 313","Yes","acyl carrier protein","YP_001313568.1","ASQ07453.1","gene5427","INS","T",0,0.0833333333333333,0,0.0909090909090909,0.166666666666667,0,0.0612244897959184
297100,"CP021828.1","T","A",7040.91,0.041,"intergenic_region","MODIFIER","acpP-CDO23_27150",5187,"270, 276","Yes","conjugal transfer protein TraD","WP_015008384.1",NA,"gene5428","SNP","A",0,0.0833333333333333,0.333333333333333,0,0,0,0.0408163265306122
297103,"CP021828.1","T","A",1295.37,0.02,"intergenic_region","MODIFIER","acpP-CDO23_27150",5169,"anc","No","conjugal transfer protein TraD","WP_015008384.1",NA,"gene5428","SNP","A",0,0,0,0,0,0.111111111111111,0.0204081632653061
297736,"CP021828.1","G","A",2993.91,0.184,"intergenic_region","MODIFIER","CDO23_27150-traA",5420,"anc, 270, 279, 267","No","intergenic",NA,NA,NA,"SNP","A",0.125,0.25,0,0.181818181818182,0,0.333333333333333,0.183673469387755
297754,"CP021828.1","A","G",37318.5,0.915,"intergenic_region","MODIFIER","CDO23_27150-traA",7897,"anc, 270, 267","No","intergenic",NA,NA,NA,"SNP","A",0.125,0.166666666666667,0,0,0,0.111111111111111,0.0816326530612245
297802,"CP021828.1","G","A",32206.7,0.979,"missense_variant","MODERATE","traA",5086,"anc","No","Ti-type conjugative transfer relaxase TraA","NP_437206.1","ASQ07455.1","gene5430","SNP","G",0,0,0,0,0,0.111111111111111,0.0204081632653061
298110,"CP021828.1","C","G",987.49,0.224,"synonymous_variant","LOW","traA",1372,"anc, 270, 279, 313, 267","No","Ti-type conjugative transfer relaxase TraA","NP_437206.1","ASQ07455.1","gene5430","SNP","G",0.375,0.416666666666667,0,0.0909090909090909,0.166666666666667,0.111111111111111,0.224489795918367
298986,"CP021828.1","T","C",19471.6,0.98,"synonymous_variant","LOW","traA",1682,"270","Yes","Ti-type conjugative transfer relaxase TraA","NP_437206.1","ASQ07455.1","gene5430","SNP","T",0,0.0833333333333333,0,0,0,0,0.0204081632653061
299051,"CP021828.1","C","T",21079,0.957,"missense_variant","MODERATE","traA",1749,"270, 279","Yes","Ti-type conjugative transfer relaxase TraA","NP_437206.1","ASQ07455.1","gene5430","SNP","C",0,0.0833333333333333,0,0.0909090909090909,0,0,0.0408163265306122
300818,"CP021828.1","A","G",6478.95,0.66,"missense_variant","MODERATE","traA",1159,"anc, 270, 279, 313, 267","No","Ti-type conjugative transfer relaxase TraA","NP_437206.1","ASQ07455.1","gene5430","SNP","A",0.375,0.416666666666667,0,0.272727272727273,0.666666666666667,0.111111111111111,0.326530612244898
301039,"CP021828.1","C","A",242.19,0.044,"missense_variant","MODERATE","traA",2664,"313, 267","Yes","Ti-type conjugative transfer relaxase TraA","NP_437206.1","ASQ07455.1","gene5430","SNP","A",0.125,0,0,0,0.166666666666667,0,0.0408163265306122
301132,"CP021828.1","C","T",4004.92,0.449,"synonymous_variant","LOW","traA",1298,"anc, 270, 276, 279, 313, 267","No","Ti-type conjugative transfer relaxase TraA","NP_437206.1","ASQ07455.1","gene5430","SNP","T",0.375,0.25,1,0.545454545454545,0.5,0.444444444444444,0.448979591836735
301231,"CP021828.1","G","A",18731.1,0.816,"missense_variant","MODERATE","traA",3828,"anc, 270, 276, 279, 313, 267","No","Ti-type conjugative transfer relaxase TraA","NP_437206.1","ASQ07455.1","gene5430","SNP","G",0.25,0.166666666666667,0.333333333333333,0.181818181818182,0.166666666666667,0.111111111111111,0.183673469387755
301273,"CP021828.1","C","T",36969.9,0.913,"synonymous_variant","LOW","traA",4506,"anc, 267","No","Ti-type conjugative transfer relaxase TraA","NP_437206.1","ASQ07455.1","gene5430","SNP","C",0.25,0,0,0,0,0.222222222222222,0.0816326530612245
301297,"CP021828.1","G","A",367.61,0.061,"missense_variant","MODERATE","traA",4299,"anc, 267","No","Ti-type conjugative transfer relaxase TraA","NP_437206.1","ASQ07455.1","gene5430","SNP","A",0.25,0,0,0,0,0.111111111111111,0.0612244897959184
301548,"CP021828.1","C","T",32490.7,0.898,"synonymous_variant","LOW","traA",4169,"anc, 270, 313","No","Ti-type conjugative transfer relaxase TraA","NP_437206.1","ASQ07455.1","gene5430","SNP","C",0,0.0833333333333333,0,0,0.166666666666667,0.333333333333333,0.102040816326531
301581,"CP021828.1","T","C",29048.7,0.898,"synonymous_variant","LOW","traA",4008,"270, 279, 267","Yes","Ti-type conjugative transfer relaxase TraA","NP_437206.1","ASQ07455.1","gene5430","SNP","T",0.25,0.166666666666667,0,0.0909090909090909,0,0,0.102040816326531
302275,"CP021827.1","A","AT",99871.2,0.848,"intergenic_region","MODIFIER","CDO23_20505-CDO23_20525",3145,"anc, 276, 279, 313, 267","No","intergenic",NA,NA,NA,"INS","A",0.25,0,0.333333333333333,0.181818181818182,0.166666666666667,0.111111111111111,0.142857142857143
302464,"CP021828.1","T","G",13244.9,0.061,"intergenic_region","MODIFIER","traA-CDO23_27165",2207,"270, 276","Yes","intergenic",NA,NA,NA,"SNP","G",0,0.166666666666667,0.333333333333333,0,0,0,0.0612244897959184
322944,"CP021827.1","T","C",85.97,0.061,"intergenic_region","MODIFIER","CDO23_20610-CDO23_20620",4208,"anc, 276, 279","No","intergenic",NA,NA,NA,"SNP","C",0,0,0.333333333333333,0.0909090909090909,0,0.111111111111111,0.0612244897959184
322957,"CP021827.1","T","C",22947.6,0.918,"intergenic_region","MODIFIER","CDO23_20610-CDO23_20620",4983,"anc, 276, 279","No","intergenic",NA,NA,NA,"SNP","T",0,0,0.333333333333333,0.0909090909090909,0,0.222222222222222,0.0816326530612245
352369,"CP021827.1","C","G",613.87,0.061,"synonymous_variant","LOW","trkD",5146,"270, 279, 267","Yes","potassium transporter Kup","NP_436237.1","ASQ06384.1","gene4147","SNP","G",0.125,0.0833333333333333,0,0.0909090909090909,0,0,0.0612244897959184
352549,"CP021827.1","T","C",2104.65,0.163,"synonymous_variant","LOW","trkD",2566,"anc, 270, 279, 267","No","potassium transporter Kup","NP_436237.1","ASQ06384.1","gene4147","SNP","C",0.125,0.25,0,0.181818181818182,0,0.222222222222222,0.163265306122449
352609,"CP021827.1","A","G",861.17,0.122,"synonymous_variant","LOW","trkD",1325,"anc, 270, 279","No","potassium transporter Kup","NP_436237.1","ASQ06384.1","gene4147","SNP","G",0,0.333333333333333,0,0.0909090909090909,0,0.111111111111111,0.122448979591837
359548,"CP021827.1","A","C",1470.44,0.224,"synonymous_variant","LOW","CDO23_20790",1873,"anc, 270, 279, 267","No","uracil-DNA glycosylase","WP_017267868.1","ASQ06389.1","gene4156","SNP","C",0.25,0.166666666666667,0,0.0909090909090909,0,0.666666666666667,0.224489795918367
359571,"CP021827.1","A","G",4412.37,0.354,"missense_variant","MODERATE","CDO23_20790",2249,"anc, 270, 279, 313, 267","No","uracil-DNA glycosylase","WP_017267868.1","ASQ06389.1","gene4156","SNP","G",0.625,0.166666666666667,0,0.272727272727273,0.166666666666667,0.666666666666667,0.346938775510204
359578,"CP021827.1","T","G",4646.19,0.388,"synonymous_variant","LOW","CDO23_20790",2740,"anc, 270, 276, 279, 313, 267","No","uracil-DNA glycosylase","WP_017267868.1","ASQ06389.1","gene4156","SNP","G",0.75,0.166666666666667,0.333333333333333,0.272727272727273,0.166666666666667,0.666666666666667,0.387755102040816
360934,"CP021828.1","T","C",68768.9,0.98,"synonymous_variant","LOW","CDO23_27460",3410,"anc","No","bifunctional sulfate adenylyltransferase subunit 1/adenylylsulfate kinase","NP_437268.1","ASQ07511.1","gene5491","SNP","T",0,0,0,0,0,0.111111111111111,0.0204081632653061
364930,"CP021828.1","G","A",370.54,0.043,"synonymous_variant","LOW","CDO23_27485",6433,"276, 267","Yes","calcium-binding protein","NP_437273.1","ASQ07516.1","gene5496","SNP","A",0.125,0,0.333333333333333,0,0,0,0.0408163265306122
364939,"CP021828.1","G","A",212670,0.917,"synonymous_variant","LOW","CDO23_27485",6689,"270, 276, 267","Yes","calcium-binding protein","NP_437273.1","ASQ07516.1","gene5496","SNP","G",0.25,0.0833333333333333,0.333333333333333,0,0,0,0.0816326530612245
365005,"CP021828.1","G","A",219954,0.98,"synonymous_variant","LOW","CDO23_27485",6216,"276","Yes","calcium-binding protein","NP_437273.1","ASQ07516.1","gene5496","SNP","G",0,0,0.333333333333333,0,0,0,0.0204081632653061
365016,"CP021828.1","G","C",2222.22,0.042,"missense_variant","MODERATE","CDO23_27485",5979,"276, 267","Yes","calcium-binding protein","NP_437273.1","ASQ07516.1","gene5496","SNP","C",0.125,0,0.333333333333333,0,0,0,0.0408163265306122
365134,"CP021828.1","G","T",679.87,0.061,"synonymous_variant","LOW","CDO23_27485",4649,"270, 276, 313","Yes","calcium-binding protein","NP_437273.1","ASQ07516.1","gene5496","SNP","T",0,0.0833333333333333,0.333333333333333,0,0.166666666666667,0,0.0612244897959184
365146,"CP021828.1","A","G",1958.13,0.104,"synonymous_variant","LOW","CDO23_27485",4893,"anc, 270, 276, 279","No","calcium-binding protein","NP_437273.1","ASQ07516.1","gene5496","SNP","G",0,0.0833333333333333,0.333333333333333,0.181818181818182,0,0.111111111111111,0.102040816326531
365169,"CP021828.1","A","T",1116.87,0.061,"missense_variant","MODERATE","CDO23_27485",4643,"270, 279, 267","Yes","calcium-binding protein","NP_437273.1","ASQ07516.1","gene5496","SNP","T",0.125,0.0833333333333333,0,0.0909090909090909,0,0,0.0612244897959184
365170,"CP021828.1","G","T",690.91,0.041,"synonymous_variant","LOW","CDO23_27485",4638,"270, 279","Yes","calcium-binding protein","NP_437273.1","ASQ07516.1","gene5496","SNP","T",0,0.0833333333333333,0,0.0909090909090909,0,0,0.0408163265306122
365221,"CP021828.1","G","A",5002.6,0.224,"synonymous_variant","LOW","CDO23_27485",4871,"anc, 270, 276, 279, 313","No","calcium-binding protein","NP_437273.1","ASQ07516.1","gene5496","SNP","A",0,0.166666666666667,0.666666666666667,0.363636363636364,0.333333333333333,0.111111111111111,0.224489795918367
365233,"CP021828.1","G","T",5105.12,0.37,"synonymous_variant","LOW","CDO23_27485",5025,"anc, 270, 279, 313, 267","No","calcium-binding protein","NP_437273.1","ASQ07516.1","gene5496","SNP","T",0.5,0.25,0,0.272727272727273,0.333333333333333,0.555555555555556,0.346938775510204
365248,"CP021828.1","G","A",2995.05,0.191,"synonymous_variant","LOW","CDO23_27485",5466,"anc, 270, 279, 313, 267","No","calcium-binding protein","NP_437273.1","ASQ07516.1","gene5496","SNP","A",0.25,0.166666666666667,0,0.0909090909090909,0.166666666666667,0.333333333333333,0.183673469387755
365251,"CP021828.1","C","T",2859.26,0.178,"synonymous_variant","LOW","CDO23_27485",5493,"anc, 270, 279, 313, 267","No","calcium-binding protein","NP_437273.1","ASQ07516.1","gene5496","SNP","T",0.375,0.166666666666667,0,0.0909090909090909,0.166666666666667,0.111111111111111,0.163265306122449
365254,"CP021828.1","G","A",3016.34,0.149,"synonymous_variant","LOW","CDO23_27485",5500,"anc, 270, 279, 267","No","calcium-binding protein","NP_437273.1","ASQ07516.1","gene5496","SNP","A",0.125,0.166666666666667,0,0.0909090909090909,0,0.333333333333333,0.142857142857143
365264,"CP021828.1","C","G",8430,0.468,"missense_variant","MODERATE","CDO23_27485",6375,"anc, 270, 276, 279, 313, 267","No","calcium-binding protein","NP_437273.1","ASQ07516.1","gene5496","SNP","G",0.375,0.333333333333333,0.333333333333333,0.636363636363636,0.666666666666667,0.333333333333333,0.448979591836735
365296,"CP021828.1","G","A",6984.3,0.261,"synonymous_variant","LOW","CDO23_27485",6508,"anc, 270, 276, 279, 313, 267","No","calcium-binding protein","NP_437273.1","ASQ07516.1","gene5496","SNP","A",0.25,0.166666666666667,0.333333333333333,0.272727272727273,0.166666666666667,0.333333333333333,0.244897959183673
365299,"CP021828.1","G","A",10029.3,0.354,"synonymous_variant","LOW","CDO23_27485",6586,"anc, 270, 276, 279, 313, 267","No","calcium-binding protein","NP_437273.1","ASQ07516.1","gene5496","SNP","A",0.375,0.25,0.333333333333333,0.363636363636364,0.333333333333333,0.444444444444444,0.346938775510204
365326,"CP021828.1","G","A",6416.24,0.277,"synonymous_variant","LOW","CDO23_27485",6702,"anc, 270, 276, 279, 313, 267","No","calcium-binding protein","NP_437273.1","ASQ07516.1","gene5496","SNP","A",0.25,0.25,0.333333333333333,0.363636363636364,0.166666666666667,0.222222222222222,0.26530612244898
365329,"CP021828.1","C","G",25105.8,0.468,"synonymous_variant","LOW","CDO23_27485",7011,"anc, 270, 276, 279, 313, 267","No","calcium-binding protein","NP_437273.1","ASQ07516.1","gene5496","SNP","G",0.5,0.333333333333333,0.666666666666667,0.545454545454545,0.5,0.333333333333333,0.448979591836735
365413,"CP021828.1","A","T",1508.74,0.174,"synonymous_variant","LOW","CDO23_27485",6429,"anc, 270, 276, 279, 267","No","calcium-binding protein","NP_437273.1","ASQ07516.1","gene5496","SNP","T",0.125,0.166666666666667,0.333333333333333,0.0909090909090909,0,0.333333333333333,0.163265306122449
365437,"CP021828.1","T","G",1095.91,0.041,"synonymous_variant","LOW","CDO23_27485",6970,"anc, 279","No","calcium-binding protein","NP_437273.1","ASQ07516.1","gene5496","SNP","G",0,0,0,0.0909090909090909,0,0.111111111111111,0.0408163265306122
365455,"CP021828.1","G","A",4029.48,0.213,"synonymous_variant","LOW","CDO23_27485",7372,"anc, 270, 276, 279, 267","No","calcium-binding protein","NP_437273.1","ASQ07516.1","gene5496","SNP","A",0.125,0.0833333333333333,0.333333333333333,0.272727272727273,0,0.444444444444444,0.204081632653061
365462,"CP021828.1","G","C",3536.08,0.191,"missense_variant","MODERATE","CDO23_27485",7473,"anc, 270, 276, 279, 267","No","calcium-binding protein","NP_437273.1","ASQ07516.1","gene5496","SNP","C",0.125,0.0833333333333333,0.333333333333333,0.272727272727273,0,0.333333333333333,0.183673469387755
365470,"CP021828.1","T","C",45821.3,0.783,"synonymous_variant","LOW","CDO23_27485",7341,"anc, 270, 276, 279, 267","No","calcium-binding protein","NP_437273.1","ASQ07516.1","gene5496","SNP","T",0.125,0.0833333333333333,0.333333333333333,0.363636363636364,0,0.333333333333333,0.204081632653061
365473,"CP021828.1","C","T",47374.8,0.822,"synonymous_variant","LOW","CDO23_27485",7448,"anc, 276, 279, 267","No","calcium-binding protein","NP_437273.1","ASQ07516.1","gene5496","SNP","C",0.125,0,0.333333333333333,0.272727272727273,0,0.333333333333333,0.163265306122449
365506,"CP021828.1","G","A",4473.5,0.188,"synonymous_variant","LOW","CDO23_27485",5967,"anc, 270, 279, 313","No","calcium-binding protein","NP_437273.1","ASQ07516.1","gene5496","SNP","A",0,0.0833333333333333,0,0.363636363636364,0.166666666666667,0.333333333333333,0.183673469387755
365512,"CP021828.1","G","A",9409.64,0.347,"synonymous_variant","LOW","CDO23_27485",6691,"anc, 270, 279, 313, 267","No","calcium-binding protein","NP_437273.1","ASQ07516.1","gene5496","SNP","A",0.125,0.416666666666667,0,0.545454545454545,0.166666666666667,0.444444444444444,0.346938775510204
365529,"CP021828.1","A","C",24147.3,0.543,"missense_variant","MODERATE","CDO23_27485",7244,"anc, 270, 276, 279, 313, 267","No","calcium-binding protein","NP_437273.1","ASQ07516.1","gene5496","SNP","A",0.5,0.25,0.666666666666667,0.363636363636364,0.666666666666667,0.444444444444444,0.428571428571429
365581,"CP021828.1","T","G",3849.57,0.326,"synonymous_variant","LOW","CDO23_27485",5500,"anc, 270, 276, 279, 313, 267","No","calcium-binding protein","NP_437273.1","ASQ07516.1","gene5496","SNP","G",0.375,0.416666666666667,0.333333333333333,0.363636363636364,0.166666666666667,0.111111111111111,0.306122448979592
365593,"CP021828.1","G","A",70184,0.857,"synonymous_variant","LOW","CDO23_27485",5399,"anc, 270, 276, 279, 313, 267","No","calcium-binding protein","NP_437273.1","ASQ07516.1","gene5496","SNP","G",0.125,0.0833333333333333,0.333333333333333,0.181818181818182,0.166666666666667,0.111111111111111,0.142857142857143
365602,"CP021828.1","A","G",70716.9,0.854,"synonymous_variant","LOW","CDO23_27485",5274,"anc, 270, 276, 279, 313, 267","No","calcium-binding protein","NP_437273.1","ASQ07516.1","gene5496","SNP","A",0.125,0.166666666666667,0.333333333333333,0.0909090909090909,0.166666666666667,0.111111111111111,0.142857142857143
365605,"CP021828.1","G","T",629.47,0.082,"synonymous_variant","LOW","CDO23_27485",3415,"anc, 276, 313, 267","No","calcium-binding protein","NP_437273.1","ASQ07516.1","gene5496","SNP","T",0.125,0,0.333333333333333,0,0.166666666666667,0.111111111111111,0.0816326530612245
365659,"CP021828.1","G","A",366.9,0.041,"synonymous_variant","LOW","CDO23_27485",3401,"276, 313","Yes","calcium-binding protein","NP_437273.1","ASQ07516.1","gene5496","SNP","A",0,0,0.333333333333333,0,0.166666666666667,0,0.0408163265306122
365733,"CP021828.1","T","G",5317.41,0.333,"synonymous_variant","LOW","CDO23_27485",4921,"anc, 270, 276, 279","No","calcium-binding protein","NP_437273.1","ASQ07516.1","gene5496","SNP","G",0,0.416666666666667,0.666666666666667,0.454545454545455,0,0.444444444444444,0.326530612244898
365740,"CP021828.1","A","G",5495.19,0.255,"synonymous_variant","LOW","CDO23_27485",4927,"anc, 270, 276, 279, 313","No","calcium-binding protein","NP_437273.1","ASQ07516.1","gene5496","SNP","G",0,0.25,0.666666666666667,0.272727272727273,0.166666666666667,0.333333333333333,0.244897959183673
365743,"CP021828.1","C","G",5855.8,0.267,"synonymous_variant","LOW","CDO23_27485",4828,"anc, 270, 276, 279, 313","No","calcium-binding protein","NP_437273.1","ASQ07516.1","gene5496","SNP","G",0,0.25,0.666666666666667,0.363636363636364,0.166666666666667,0.222222222222222,0.244897959183673
365766,"CP021828.1","C","T",3199.62,0.224,"missense_variant","MODERATE","CDO23_27485",3901,"anc, 270, 276, 279, 313, 267","No","calcium-binding protein","NP_437273.1","ASQ07516.1","gene5496","SNP","T",0.125,0.25,0.333333333333333,0.272727272727273,0.166666666666667,0.222222222222222,0.224489795918367
365781,"CP021828.1","C","T",105.91,0.041,"missense_variant","MODERATE","CDO23_27485",3846,"anc, 270","No","calcium-binding protein","NP_437273.1","ASQ07516.1","gene5496","SNP","T",0,0.0833333333333333,0,0,0,0.111111111111111,0.0408163265306122
365794,"CP021828.1","G","A",277.82,0.064,"synonymous_variant","LOW","CDO23_27485",3971,"anc, 270, 279","No","calcium-binding protein","NP_437273.1","ASQ07516.1","gene5496","SNP","A",0,0.0833333333333333,0,0.0909090909090909,0,0.111111111111111,0.0612244897959184
365824,"CP021828.1","C","G",602.19,0.044,"missense_variant","MODERATE","CDO23_27485",4076,"279","Yes","calcium-binding protein","NP_437273.1","ASQ07516.1","gene5496","SNP","G",0,0,0,0.181818181818182,0,0,0.0408163265306122
365839,"CP021828.1","A","G",2186.09,0.191,"synonymous_variant","LOW","CDO23_27485",5558,"anc, 270, 279, 313","No","calcium-binding protein","NP_437273.1","ASQ07516.1","gene5496","SNP","G",0,0.25,0,0.272727272727273,0.333333333333333,0.111111111111111,0.183673469387755
365881,"CP021828.1","A","C",1338.88,0.109,"synonymous_variant","LOW","CDO23_27485",4152,"270, 313","Yes","calcium-binding protein","NP_437273.1","ASQ07516.1","gene5496","SNP","C",0,0.333333333333333,0,0,0.166666666666667,0,0.102040816326531
365899,"CP021828.1","G","C",16119.3,0.438,"synonymous_variant","LOW","CDO23_27485",4850,"anc, 270, 279, 313, 267","No","calcium-binding protein","NP_437273.1","ASQ07516.1","gene5496","SNP","C",0.25,0.583333333333333,0,0.454545454545455,0.333333333333333,0.555555555555556,0.428571428571429
365931,"CP021828.1","T","C",7026.9,0.333,"intergenic_region","MODIFIER","CDO23_27485-CDO23_27490",4840,"anc, 270, 279, 313, 267","No","intergenic",NA,NA,NA,"SNP","C",0.25,0.416666666666667,0,0.181818181818182,0.333333333333333,0.444444444444444,0.306122448979592
387590,"CP021827.1","G","C",285.37,0.02,"missense_variant","MODERATE","CDO23_20940",4010,"270","Yes","hypothetical protein","WP_007799045.1","ASQ06414.1","gene4186","SNP","C",0,0.0833333333333333,0,0,0,0,0.0204081632653061
392642,"CP021828.1","G","A",8240.64,0.489,"synonymous_variant","LOW","CDO23_27585",7393,"anc, 270, 276, 279, 313, 267","No","mechanosensitive ion channel family protein","NP_437295.1","ASQ07530.1","gene5516","SNP","A",0.625,0.583333333333333,0.666666666666667,0.363636363636364,0.333333333333333,0.333333333333333,0.469387755102041
392819,"CP021828.1","C","G",8398.62,0.224,"synonymous_variant","LOW","CDO23_27585",2086,"anc, 270, 279, 267","No","mechanosensitive ion channel family protein","NP_437295.1","ASQ07530.1","gene5516","SNP","G",0.375,0.25,0,0.363636363636364,0,0.111111111111111,0.224489795918367
392984,"CP021827.1","ACC","A",180282,0.98,"frameshift_variant","HIGH","CDO23_20965",3991,"anc","No","hypothetical protein","WP_017265093.1","ASQ06417.1","gene4191","DEL","ACC",0,0,0,0,0,0.111111111111111,0.0204081632653061
399746,"CP021827.1","A","C",1574.7,0.146,"intergenic_region","MODIFIER","CDO23_20980-CDO23_20985",3412,"anc, 270, 279, 267","No","intergenic",NA,NA,NA,"SNP","C",0.25,0.166666666666667,0,0.0909090909090909,0,0.222222222222222,0.142857142857143
418234,"CP021827.1","G","T",4535.37,0.02,"missense_variant","MODERATE","CDO23_21055",3186,"279","Yes","ABC transporter ATP-binding protein","WP_017271496.1","ASQ06432.1","gene4209","SNP","T",0,0,0,0.0909090909090909,0,0,0.0204081632653061
431565,"CP021827.1","C","G",777.91,0.041,"synonymous_variant","LOW","CDO23_21120",3364,"anc, 270","No","alpha/beta hydrolase","NP_435559.2","ASQ06441.1","gene4222","SNP","G",0,0.0833333333333333,0,0,0,0.111111111111111,0.0408163265306122
431583,"CP021827.1","C","T",337.24,0.063,"synonymous_variant","LOW","CDO23_21120",3437,"270, 276","Yes","alpha/beta hydrolase","NP_435559.2","ASQ06441.1","gene4222","SNP","T",0,0.0833333333333333,0.666666666666667,0,0,0,0.0612244897959184
431631,"CP021827.1","A","C",1355.5,0.065,"synonymous_variant","LOW","CDO23_21120",3981,"270, 276, 267","Yes","alpha/beta hydrolase","NP_435559.2","ASQ06441.1","gene4222","SNP","C",0.125,0.0833333333333333,0.333333333333333,0,0,0,0.0612244897959184
431663,"CP021827.1","A","G",5142.85,0.348,"synonymous_variant","LOW","CDO23_21120",5167,"anc, 270, 276, 279, 313, 267","No","alpha/beta hydrolase","NP_435559.2","ASQ06441.1","gene4222","SNP","G",0.25,0.25,0.333333333333333,0.363636363636364,0.5,0.333333333333333,0.326530612244898
431703,"CP021827.1","G","C",6446.97,0.408,"synonymous_variant","LOW","CDO23_21120",5615,"anc, 270, 276, 279, 313, 267","No","alpha/beta hydrolase","NP_435559.2","ASQ06441.1","gene4222","SNP","C",0.375,0.416666666666667,0.666666666666667,0.272727272727273,0.5,0.444444444444444,0.408163265306122
431760,"CP021827.1","G","C",5484.03,0.356,"synonymous_variant","LOW","CDO23_21120",6212,"anc, 270, 276, 279, 313, 267","No","alpha/beta hydrolase","NP_435559.2","ASQ06441.1","gene4222","SNP","C",0.25,0.416666666666667,0.333333333333333,0.181818181818182,0.5,0.333333333333333,0.326530612244898
431808,"CP021827.1","T","C",443.36,0.102,"synonymous_variant","LOW","CDO23_21120",5751,"270, 313, 267","Yes","alpha/beta hydrolase","NP_435559.2","ASQ06441.1","gene4222","SNP","C",0.375,0.0833333333333333,0,0,0.166666666666667,0,0.102040816326531
431838,"CP021827.1","C","A",264.1,0.041,"synonymous_variant","LOW","CDO23_21120",5576,"270, 267","Yes","alpha/beta hydrolase","NP_435559.2","ASQ06441.1","gene4222","SNP","A",0.125,0.0833333333333333,0,0,0,0,0.0408163265306122
431967,"CP021827.1","T","G",3153.29,0.087,"missense_variant","MODERATE","CDO23_21120",5770,"276, 267","Yes","alpha/beta hydrolase","NP_435559.2","ASQ06441.1","gene4222","SNP","G",0.375,0,0.333333333333333,0,0,0,0.0816326530612245
431968,"CP021827.1","T","C",305.2,0.044,"missense_variant","MODERATE","CDO23_21120",5704,"267","Yes","alpha/beta hydrolase","NP_435559.2","ASQ06441.1","gene4222","SNP","C",0.25,0,0,0,0,0,0.0408163265306122
432981,"CP021827.1","A","C",2335.37,0.02,"missense_variant","MODERATE","CDO23_21125",4530,"270","Yes","adenylate cyclase","NP_435560.2","ASQ06442.1","gene4223","SNP","C",0,0.0833333333333333,0,0,0,0,0.0204081632653061
444780,"CP021827.1","A","C",168.91,0.041,"missense_variant","MODERATE","CDO23_21180",4383,"270, 313","Yes","DUF2189 domain-containing protein","YP_001314546.1","ASQ06451.1","gene4234","SNP","C",0,0.0833333333333333,0,0,0.166666666666667,0,0.0408163265306122
452198,"CP021827.1","AG","A",148125,0.875,"intergenic_region","MODIFIER","CDO23_21220-CDO23_21235",4168,"anc, 270, 276, 279, 267","No","intergenic",NA,NA,NA,"DEL","AG",0.125,0.166666666666667,0.333333333333333,0.0909090909090909,0,0.111111111111111,0.122448979591837
471937,"CP021827.1","C","CT",113869,0.729,"intergenic_region","MODIFIER","CDO23_21310-CDO23_21315",3784,"anc, 270, 279, 313, 267","No","intergenic",NA,NA,NA,"INS","C",0.375,0.25,0,0.181818181818182,0.666666666666667,0.111111111111111,0.26530612244898
526844,"CP021825.1","T","G",4113.37,0.02,"intragenic_variant","MODIFIER","gene3",1103,"313","Yes","intergenic",NA,NA,NA,"SNP","G",0,0,0,0,0.166666666666667,0,0.0204081632653061
551651,"CP021827.1","G","T",803.37,0.02,"missense_variant","MODERATE","CDO23_21735",5228,"279","Yes","dipeptidase","WP_017272049.1","ASQ06525.1","gene4345","SNP","T",0,0,0,0.0909090909090909,0,0,0.0204081632653061
554119,"CP021827.1","G","GA",37794.9,0.429,"frameshift_variant","HIGH","CDO23_21750",2287,"anc, 270, 276, 279, 313, 267","No","ABC transporter ATP-binding protein","WP_013851031.1","ASQ06528.1","gene4348","INS","GA",0.25,0.416666666666667,0.666666666666667,0.181818181818182,0.5,0.777777777777778,0.428571428571429
556422,"CP021827.1","TC","T",29414,0.143,"intergenic_region","MODIFIER","CDO23_21750-CDO23_21760",4594,"anc, 270, 276, 313, 267","No","MFS transporter","NP_387229.1",NA,"gene4349","DEL","T",0.25,0.166666666666667,0.333333333333333,0,0.166666666666667,0.111111111111111,0.142857142857143
586523,"CP021827.1","G","C",11363.5,0.551,"intergenic_region","MODIFIER","CDO23_21880-CDO23_21905",8394,"anc, 270, 276, 279, 313, 267","No","IS5/IS1182 family transposase","WP_014328799.1",NA,"gene4377","SNP","G",0.375,0.333333333333333,0.333333333333333,0.454545454545455,0.333333333333333,0.777777777777778,0.448979591836735
586570,"CP021827.1","A","T",11465,0.551,"intergenic_region","MODIFIER","CDO23_21880-CDO23_21905",8746,"anc, 270, 276, 279, 313, 267","No","IS5/IS1182 family transposase","WP_014328799.1",NA,"gene4377","SNP","A",0.25,0.416666666666667,0.666666666666667,0.363636363636364,0.666666666666667,0.555555555555556,0.448979591836735
586637,"CP021827.1","G","A",6816.2,0.327,"intergenic_region","MODIFIER","CDO23_21880-CDO23_21905",7042,"anc, 270, 276, 279, 313, 267","No","IS5/IS1182 family transposase","WP_014328799.1",NA,"gene4377","SNP","A",0.375,0.333333333333333,0.333333333333333,0.363636363636364,0.166666666666667,0.333333333333333,0.326530612244898
586673,"CP021827.1","A","G",4455.73,0.265,"intergenic_region","MODIFIER","CDO23_21880-CDO23_21905",6479,"anc, 270, 276, 279, 267","No","IS5/IS1182 family transposase","WP_014328799.1",NA,"gene4377","SNP","G",0.25,0.333333333333333,0.333333333333333,0.272727272727273,0,0.333333333333333,0.26530612244898
586713,"CP021827.1","CCAGATCGCAGTGCCGA","C",330.67,0.061,"intergenic_region","MODIFIER","CDO23_21880-CDO23_21905",5457,"anc, 270, 267","No","IS5/IS1182 family transposase","WP_014328799.1",NA,"gene4377","DEL","C",0.125,0.0833333333333333,0,0,0,0.111111111111111,0.0612244897959184
586790,"CP021827.1","A","G",711.58,0.063,"intergenic_region","MODIFIER","CDO23_21880-CDO23_21905",5468,"anc, 279","No","IS5/IS1182 family transposase","WP_014328799.1",NA,"gene4377","SNP","G",0,0,0,0.181818181818182,0,0.111111111111111,0.0612244897959184
586819,"CP021827.1","G","A",919.01,0.063,"intergenic_region","MODIFIER","CDO23_21880-CDO23_21905",5268,"anc, 279","No","IS5/IS1182 family transposase","WP_014328799.1",NA,"gene4377","SNP","A",0,0,0,0.0909090909090909,0,0.222222222222222,0.0612244897959184
586831,"CP021827.1","A","G",833.91,0.041,"intergenic_region","MODIFIER","CDO23_21880-CDO23_21905",5116,"anc, 279","No","IS5/IS1182 family transposase","WP_014328799.1",NA,"gene4377","SNP","G",0,0,0,0.0909090909090909,0,0.111111111111111,0.0408163265306122
595041,"CP021827.1","A","G",3074.37,0.02,"synonymous_variant","LOW","CDO23_21950",4120,"270","Yes","hypothetical protein","WP_014531783.1","ASQ06551.1","gene4388","SNP","G",0,0.0833333333333333,0,0,0,0,0.0204081632653061
595043,"CP021827.1","C","A",4312.37,0.02,"missense_variant","MODERATE","CDO23_21950",4114,"270","Yes","hypothetical protein","WP_014531783.1","ASQ06551.1","gene4388","SNP","A",0,0.0833333333333333,0,0,0,0,0.0204081632653061
596030,"CP021827.1","G","GGT",123740,0.979,"intergenic_region","MODIFIER","CDO23_21950-CDO23_21955",2073,"270","Yes","intergenic",NA,NA,NA,"INS","G",0,0.0833333333333333,0,0,0,0,0.0204081632653061
596707,"CP021827.1","CGCGT","C",31345.7,0.367,"intergenic_region","MODIFIER","CDO23_21950-CDO23_21955",3873,"anc, 270, 276, 279, 313, 267","No","intergenic",NA,NA,NA,"DEL","C",0.375,0.416666666666667,0.333333333333333,0.272727272727273,0.166666666666667,0.555555555555556,0.36734693877551
606298,"CP021827.1","G","T",1366.52,0.021,"missense_variant","MODERATE","CDO23_22020",2698,"270","Yes","transcriptional regulator","NP_435914.1","ASQ06558.1","gene4402","SNP","T",0,0.0833333333333333,0,0,0,0,0.0204081632653061
626056,"CP021828.1","T","C",3184.21,0.125,"synonymous_variant","LOW","CDO23_28635",4190,"anc, 270, 276, 313, 267","No","FAD-binding oxidoreductase","NP_437509.1","ASQ07721.1","gene5726","SNP","C",0.125,0.0833333333333333,0.333333333333333,0,0.333333333333333,0.111111111111111,0.122448979591837
626067,"CP021828.1","A","AG",3405.08,0.143,"frameshift_variant","HIGH","CDO23_28635",4258,"anc, 270, 276, 313, 267","No","FAD-binding oxidoreductase","NP_437509.1","ASQ07721.1","gene5726","INS","AG",0.125,0.166666666666667,0.333333333333333,0,0.333333333333333,0.111111111111111,0.142857142857143
626086,"CP021828.1","T","C",4463.17,0.167,"synonymous_variant","LOW","CDO23_28635",4622,"anc, 270, 276, 279, 313, 267","No","FAD-binding oxidoreductase","NP_437509.1","ASQ07721.1","gene5726","SNP","C",0.125,0.0833333333333333,0.333333333333333,0.0909090909090909,0.333333333333333,0.222222222222222,0.163265306122449
626107,"CP021828.1","T","C",3699.74,0.217,"synonymous_variant","LOW","CDO23_28635",5043,"anc, 270, 276, 279, 313, 267","No","FAD-binding oxidoreductase","NP_437509.1","ASQ07721.1","gene5726","SNP","C",0.25,0.0833333333333333,0.333333333333333,0.181818181818182,0.333333333333333,0.222222222222222,0.204081632653061
626113,"CP021828.1","C","T",3664.17,0.196,"synonymous_variant","LOW","CDO23_28635",5071,"anc, 270, 276, 279, 313, 267","No","FAD-binding oxidoreductase","NP_437509.1","ASQ07721.1","gene5726","SNP","T",0.25,0.0833333333333333,0.333333333333333,0.0909090909090909,0.333333333333333,0.222222222222222,0.183673469387755
626140,"CP021828.1","G","C",43,0.064,"synonymous_variant","LOW","CDO23_28635",4783,"anc, 276, 279","No","FAD-binding oxidoreductase","NP_437509.1","ASQ07721.1","gene5726","SNP","C",0,0,0.333333333333333,0.0909090909090909,0,0.111111111111111,0.0612244897959184
626152,"CP021828.1","A","G",1896.91,0.204,"synonymous_variant","LOW","CDO23_28635",4809,"anc, 270, 276, 279, 313, 267","No","FAD-binding oxidoreductase","NP_437509.1","ASQ07721.1","gene5726","SNP","G",0.125,0.166666666666667,0.666666666666667,0.0909090909090909,0.333333333333333,0.222222222222222,0.204081632653061
626167,"CP021828.1","T","C",4253.98,0.255,"synonymous_variant","LOW","CDO23_28635",5644,"anc, 270, 276, 279, 313, 267","No","FAD-binding oxidoreductase","NP_437509.1","ASQ07721.1","gene5726","SNP","C",0.125,0.166666666666667,0.666666666666667,0.181818181818182,0.5,0.222222222222222,0.244897959183673
626170,"CP021828.1","G","C",2743.4,0.217,"synonymous_variant","LOW","CDO23_28635",5224,"anc, 270, 276, 279, 313, 267","No","FAD-binding oxidoreductase","NP_437509.1","ASQ07721.1","gene5726","SNP","C",0.125,0.166666666666667,0.333333333333333,0.0909090909090909,0.5,0.222222222222222,0.204081632653061
626221,"CP021828.1","C","G",12454.6,0.51,"synonymous_variant","LOW","CDO23_28635",6398,"anc, 270, 276, 279, 313, 267","No","FAD-binding oxidoreductase","NP_437509.1","ASQ07721.1","gene5726","SNP","C",0.5,0.583333333333333,0.333333333333333,0.636363636363636,0.333333333333333,0.333333333333333,0.489795918367347
626227,"CP021828.1","C","T",10396.3,0.479,"synonymous_variant","LOW","CDO23_28635",6171,"anc, 270, 276, 279, 313, 267","No","FAD-binding oxidoreductase","NP_437509.1","ASQ07721.1","gene5726","SNP","T",0.375,0.416666666666667,0.666666666666667,0.363636363636364,0.5,0.666666666666667,0.469387755102041
626260,"CP021828.1","C","T",13158.6,0.511,"synonymous_variant","LOW","CDO23_28635",6248,"anc, 270, 276, 279, 313, 267","No","FAD-binding oxidoreductase","NP_437509.1","ASQ07721.1","gene5726","SNP","C",0.375,0.583333333333333,0.333333333333333,0.545454545454545,0.333333333333333,0.444444444444444,0.469387755102041
626271,"CP021828.1","TC","T",12082.2,0.469,"frameshift_variant","HIGH","CDO23_28635",6168,"anc, 270, 276, 279, 313, 267","No","FAD-binding oxidoreductase","NP_437509.1","ASQ07721.1","gene5726","DEL","T",0.5,0.333333333333333,0.666666666666667,0.272727272727273,0.666666666666667,0.666666666666667,0.469387755102041
626284,"CP021828.1","C","A",10668.7,0.435,"synonymous_variant","LOW","CDO23_28635",5956,"anc, 270, 276, 279, 313, 267","No","FAD-binding oxidoreductase","NP_437509.1","ASQ07721.1","gene5726","SNP","A",0.5,0.25,0.666666666666667,0.272727272727273,0.333333333333333,0.666666666666667,0.408163265306122
626286,"CP021828.1","C","A",11613.5,0.457,"missense_variant","MODERATE","CDO23_28635",5790,"anc, 270, 276, 279, 313, 267","No","FAD-binding oxidoreductase","NP_437509.1","ASQ07721.1","gene5726","SNP","A",0.625,0.25,0.666666666666667,0.272727272727273,0.333333333333333,0.666666666666667,0.428571428571429
626293,"CP021828.1","C","T",10563.6,0.388,"synonymous_variant","LOW","CDO23_28635",5185,"anc, 270, 276, 279, 313, 267","No","FAD-binding oxidoreductase","NP_437509.1","ASQ07721.1","gene5726","SNP","T",0.5,0.25,0.666666666666667,0.272727272727273,0.333333333333333,0.555555555555556,0.387755102040816
626298,"CP021828.1","T","C",11968.2,0.438,"missense_variant","MODERATE","CDO23_28635",5267,"anc, 270, 276, 279, 313, 267","No","FAD-binding oxidoreductase","NP_437509.1","ASQ07721.1","gene5726","SNP","C",0.5,0.333333333333333,0.666666666666667,0.363636363636364,0.333333333333333,0.555555555555556,0.428571428571429
626305,"CP021828.1","G","A",9228.86,0.383,"synonymous_variant","LOW","CDO23_28635",4613,"anc, 270, 276, 279, 313, 267","No","FAD-binding oxidoreductase","NP_437509.1","ASQ07721.1","gene5726","SNP","A",0.5,0.25,0.333333333333333,0.272727272727273,0.333333333333333,0.555555555555556,0.36734693877551
626308,"CP021828.1","T","G",8854.42,0.396,"synonymous_variant","LOW","CDO23_28635",4589,"anc, 270, 276, 279, 313, 267","No","FAD-binding oxidoreductase","NP_437509.1","ASQ07721.1","gene5726","SNP","G",0.5,0.333333333333333,0.333333333333333,0.272727272727273,0.166666666666667,0.666666666666667,0.387755102040816
639984,"CP021827.1","TTGC","T",24788.4,0.891,"intergenic_region","MODIFIER","CDO23_22195-CDO23_22205",2910,"anc, 270, 279, 267","No","intergenic",NA,NA,NA,"DEL","TTGC",0.125,0.0833333333333333,0,0.0909090909090909,0,0.222222222222222,0.102040816326531
640681,"CP021827.1","G","C",7003.57,0.625,"intergenic_region","MODIFIER","CDO23_22195-CDO23_22205",3880,"anc, 270, 279, 313, 267","No","hypothetical protein","WP_015242440.1",NA,"gene4438","SNP","G",0.125,0.333333333333333,0,0.545454545454545,0.5,0.444444444444444,0.36734693877551
661775,"CP021828.1","T","C",1287.69,0.208,"synonymous_variant","LOW","CDO23_28750",3531,"anc, 270, 279, 313, 267","No","hypothetical protein","NP_437532.1","ASQ07740.1","gene5749","SNP","C",0.25,0.166666666666667,0,0.272727272727273,0.166666666666667,0.222222222222222,0.204081632653061
661801,"CP021827.1","C","G",9419.76,0.378,"missense_variant","MODERATE","CDO23_22330",8721,"anc, 270, 276, 279, 313, 267","No","sulfate adenylyltransferase small subunit","NP_435714.1","ASQ06605.1","gene4464","SNP","G",0.25,0.166666666666667,0.333333333333333,0.363636363636364,0.666666666666667,0.444444444444444,0.346938775510204
661862,"CP021827.1","G","C",4829.11,0.367,"missense_variant","MODERATE","CDO23_22330",8440,"anc, 270, 276, 279, 313, 267","No","sulfate adenylyltransferase small subunit","NP_435714.1","ASQ06605.1","gene4464","SNP","C",0.25,0.25,0.333333333333333,0.363636363636364,0.666666666666667,0.444444444444444,0.36734693877551
661985,"CP021827.1","G","A",2044.51,0.188,"missense_variant","MODERATE","CDO23_22330",8123,"anc, 270, 279, 313, 267","No","sulfate adenylyltransferase small subunit","NP_435714.1","ASQ06605.1","gene4464","SNP","A",0.25,0.166666666666667,0,0.181818181818182,0.333333333333333,0.111111111111111,0.183673469387755
662382,"CP021827.1","A","G",12347.2,0.587,"synonymous_variant","LOW","CDO23_22335",9157,"anc, 270, 276, 279, 313, 267","No","bifunctional sulfate adenylyltransferase subunit 1/adenylylsulfate kinase","NP_435715.1","ASQ06606.1","gene4465","SNP","A",0.25,0.5,0.333333333333333,0.272727272727273,0.666666666666667,0.333333333333333,0.387755102040816
662502,"CP021827.1","C","A",29772.6,0.837,"synonymous_variant","LOW","CDO23_22335",9769,"anc, 270, 279, 313","No","bifunctional sulfate adenylyltransferase subunit 1/adenylylsulfate kinase","NP_435715.1","ASQ06606.1","gene4465","SNP","C",0,0.166666666666667,0,0.181818181818182,0.333333333333333,0.222222222222222,0.163265306122449
662628,"CP021827.1","T","C",1219.8,0.082,"synonymous_variant","LOW","CDO23_22335",4140,"anc, 270","No","bifunctional sulfate adenylyltransferase subunit 1/adenylylsulfate kinase","NP_435715.1","ASQ06606.1","gene4465","SNP","C",0,0.166666666666667,0,0,0,0.222222222222222,0.0816326530612245
663480,"CP021827.1","T","G",44104.7,0.959,"synonymous_variant","LOW","CDO23_22335",6568,"anc","No","bifunctional sulfate adenylyltransferase subunit 1/adenylylsulfate kinase","NP_435715.1","ASQ06606.1","gene4465","SNP","T",0,0,0,0,0,0.222222222222222,0.0408163265306122
663639,"CP021827.1","T","C",32218.8,0.959,"synonymous_variant","LOW","CDO23_22335",6681,"anc, 279","No","bifunctional sulfate adenylyltransferase subunit 1/adenylylsulfate kinase","NP_435715.1","ASQ06606.1","gene4465","SNP","T",0,0,0,0.0909090909090909,0,0.111111111111111,0.0408163265306122
702429,"CP021827.1","A","AT",17289.3,0.347,"frameshift_variant","HIGH","traG",2581,"anc, 270, 276, 279, 313, 267","No","Ti-type conjugative transfer system protein TraG","NP_435748.1","ASQ06640.1","gene4507","INS","AT",0.25,0.5,0.333333333333333,0.181818181818182,0.166666666666667,0.555555555555556,0.346938775510204
703232,"CP021827.1","AGC","A",124096,0.98,"frameshift_variant","HIGH","traG",3301,"313","Yes","Ti-type conjugative transfer system protein TraG","NP_435748.1","ASQ06640.1","gene4507","DEL","AGC",0,0,0,0,0.166666666666667,0,0.0204081632653061
704259,"CP021827.1","G","A",8031.27,0.844,"intergenic_region","MODIFIER","CDO23_22555-traA",1804,"anc, 270, 276, 267","No","intergenic",NA,NA,NA,"SNP","G",0.25,0.166666666666667,0.333333333333333,0,0,0.222222222222222,0.142857142857143
704277,"CP021827.1","A","G",590.61,0.082,"intergenic_region","MODIFIER","CDO23_22555-traA",1897,"anc, 270, 267","No","intergenic",NA,NA,NA,"SNP","G",0.25,0.0833333333333333,0,0,0,0.111111111111111,0.0816326530612245
704633,"CP021827.1","C","G",16946.3,0.796,"synonymous_variant","LOW","traA",4382,"anc, 270, 279, 313, 267","No","Ti-type conjugative transfer relaxase TraA","NP_435751.1","ASQ07163.1","gene4510","SNP","C",0.125,0.166666666666667,0,0.181818181818182,0.166666666666667,0.444444444444444,0.204081632653061
705509,"CP021827.1","T","C",358.15,0.229,"synonymous_variant","LOW","traA",1502,"anc, 270, 276, 279, 313, 267","No","Ti-type conjugative transfer relaxase TraA","NP_435751.1","ASQ07163.1","gene4510","SNP","C",0.25,0.166666666666667,0.333333333333333,0.181818181818182,0.333333333333333,0.222222222222222,0.224489795918367
707585,"CP021827.1","C","A",6536.89,0.735,"synonymous_variant","LOW","traA",1129,"anc, 270, 279, 313, 267","No","Ti-type conjugative transfer relaxase TraA","NP_435751.1","ASQ07163.1","gene4510","SNP","C",0.375,0.416666666666667,0,0.181818181818182,0.166666666666667,0.222222222222222,0.26530612244898
707754,"CP021827.1","A","G",1016.09,0.167,"missense_variant","MODERATE","traA",1063,"anc, 270, 279, 313","No","Ti-type conjugative transfer relaxase TraA","NP_435751.1","ASQ07163.1","gene4510","SNP","G",0,0.166666666666667,0,0.0909090909090909,0.5,0.222222222222222,0.163265306122449
707844,"CP021827.1","C","A",2597.93,0.444,"synonymous_variant","LOW","traA",1047,"anc, 270, 276, 279, 313, 267","No","Ti-type conjugative transfer relaxase TraA","NP_435751.1","ASQ07163.1","gene4510","SNP","A",0.125,0.583333333333333,0.333333333333333,0.545454545454545,0.333333333333333,0.333333333333333,0.408163265306122
708071,"CP021827.1","C","T",455.94,0.149,"synonymous_variant","LOW","traA",1672,"anc, 276, 279, 267","No","Ti-type conjugative transfer relaxase TraA","NP_435751.1","ASQ07163.1","gene4510","SNP","T",0.25,0,0.333333333333333,0.272727272727273,0,0.111111111111111,0.142857142857143
708380,"CP021827.1","G","T",1126.6,0.208,"synonymous_variant","LOW","traA",1195,"anc, 270, 279, 313, 267","No","Ti-type conjugative transfer relaxase TraA","NP_435751.1","ASQ07163.1","gene4510","SNP","T",0.375,0.166666666666667,0,0.0909090909090909,0.5,0.111111111111111,0.204081632653061
708434,"CP021827.1","G","A",4649.24,0.521,"synonymous_variant","LOW","traA",1382,"anc, 270, 276, 279, 313, 267","No","Ti-type conjugative transfer relaxase TraA","NP_435751.1","ASQ07163.1","gene4510","SNP","G",0.375,0.666666666666667,0.333333333333333,0.545454545454545,0.333333333333333,0.333333333333333,0.469387755102041
708442,"CP021827.1","G","A",4756.31,0.521,"missense_variant","MODERATE","traA",1367,"anc, 270, 276, 279, 313, 267","No","Ti-type conjugative transfer relaxase TraA","NP_435751.1","ASQ07163.1","gene4510","SNP","G",0.5,0.583333333333333,0.333333333333333,0.545454545454545,0.333333333333333,0.333333333333333,0.469387755102041
708476,"CP021827.1","T","C",7419.17,0.667,"synonymous_variant","LOW","traA",1464,"anc, 270, 276, 279, 313, 267","No","Ti-type conjugative transfer relaxase TraA","NP_435751.1","ASQ07163.1","gene4510","SNP","T",0.375,0.166666666666667,0.333333333333333,0.181818181818182,0.5,0.555555555555556,0.326530612244898
708524,"CP021827.1","T","A",16977.8,0.891,"synonymous_variant","LOW","traA",1953,"anc, 279, 267","No","Ti-type conjugative transfer relaxase TraA","NP_435751.1","ASQ07163.1","gene4510","SNP","T",0.375,0,0,0.0909090909090909,0,0.111111111111111,0.102040816326531
735678,"CP021827.1","A","T",2697.37,0.02,"intergenic_region","MODIFIER","CDO23_22705-CDO23_22720",3282,"313","Yes","LysR family transcriptional regulator","WP_003550342.1",NA,"gene4540","SNP","T",0,0,0,0,0.166666666666667,0,0.0204081632653061
735689,"CP021827.1","C","G",4743.52,0.021,"intergenic_region","MODIFIER","CDO23_22705-CDO23_22720",3200,"267","Yes","LysR family transcriptional regulator","WP_003550342.1",NA,"gene4540","SNP","G",0.125,0,0,0,0,0,0.0204081632653061
770043,"CP021827.1","G","A",154.5,0.042,"synonymous_variant","LOW","ccoO",2045,"anc, 279","No","cytochrome c oxidase%2C cbb3-type subunit II","NP_435910.1","ASQ06693.1","gene4577","SNP","A",0,0,0,0.0909090909090909,0,0.111111111111111,0.0408163265306122
770137,"CP021827.1","C","T",8885.15,0.587,"missense_variant","MODERATE","ccoO",7202,"anc, 270, 276, 279, 313, 267","No","cytochrome c oxidase%2C cbb3-type subunit II","NP_435910.1","ASQ06693.1","gene4577","SNP","C",0.25,0.5,1,0.272727272727273,0.333333333333333,0.333333333333333,0.387755102040816
773282,"CP021827.1","C","T",3213.04,0.25,"synonymous_variant","LOW","CDO23_22910",5900,"anc, 270, 276, 279, 313, 267","No","nitrogen fixation regulation protein FixK","NP_435913.1","ASQ06696.1","gene4580","SNP","T",0.25,0.333333333333333,0.333333333333333,0.0909090909090909,0.333333333333333,0.222222222222222,0.244897959183673
773324,"CP021827.1","T","C",2220.99,0.191,"synonymous_variant","LOW","CDO23_22910",5603,"anc, 270, 276, 279, 267","No","nitrogen fixation regulation protein FixK","NP_435913.1","ASQ06696.1","gene4580","SNP","C",0.125,0.25,0.333333333333333,0.181818181818182,0,0.222222222222222,0.183673469387755
773342,"CP021827.1","A","G",2203.04,0.143,"synonymous_variant","LOW","CDO23_22910",5142,"anc, 270, 276, 279, 267","No","nitrogen fixation regulation protein FixK","NP_435913.1","ASQ06696.1","gene4580","SNP","G",0.125,0.166666666666667,0.333333333333333,0.181818181818182,0,0.111111111111111,0.142857142857143
774022,"CP021827.1","T","A",383.11,0.061,"missense_variant","MODERATE","CDO23_22915",5316,"279, 267","Yes","transcriptional regulator","NP_435914.1","ASQ06697.1","gene4581","SNP","A",0.25,0,0,0.0909090909090909,0,0,0.0612244897959184
777791,"CP021827.1","G","T",202.87,0.061,"stop_gained","HIGH","CDO23_22935",1728,"anc, 276, 267","No","cytochrome C","NP_435918.1","ASQ06701.1","gene4585","SNP","T",0.125,0,0.333333333333333,0,0,0.111111111111111,0.0612244897959184
778433,"CP021827.1","TC","T",264.51,0.061,"frameshift_variant","HIGH","CDO23_22940",1854,"anc","No","nitrate reductase","NP_435919.1","ASQ06702.1","gene4586","DEL","T",0,0,0,0,0,0.333333333333333,0.0612244897959184
778438,"CP021827.1","T","C",585.1,0.083,"synonymous_variant","LOW","CDO23_22940",2172,"anc, 267","No","nitrate reductase","NP_435919.1","ASQ06702.1","gene4586","SNP","C",0.125,0,0,0,0,0.333333333333333,0.0816326530612245
778447,"CP021827.1","G","C",2794.96,0.239,"synonymous_variant","LOW","CDO23_22940",3257,"anc, 270, 279, 313, 267","No","nitrate reductase","NP_435919.1","ASQ06702.1","gene4586","SNP","C",0.125,0.166666666666667,0,0.181818181818182,0.166666666666667,0.555555555555556,0.224489795918367
778456,"CP021827.1","G","A",6638.66,0.391,"synonymous_variant","LOW","CDO23_22940",3781,"anc, 270, 279, 313, 267","No","nitrate reductase","NP_435919.1","ASQ06702.1","gene4586","SNP","A",0.5,0.416666666666667,0,0.272727272727273,0.166666666666667,0.555555555555556,0.36734693877551
778462,"CP021827.1","A","G",8789.98,0.458,"synonymous_variant","LOW","CDO23_22940",4043,"anc, 270, 276, 279, 313, 267","No","nitrate reductase","NP_435919.1","ASQ06702.1","gene4586","SNP","G",0.5,0.5,0.333333333333333,0.363636363636364,0.333333333333333,0.555555555555556,0.448979591836735
778468,"CP021827.1","T","C",10565.5,0.553,"synonymous_variant","LOW","CDO23_22940",4423,"anc, 270, 276, 279, 313, 267","No","nitrate reductase","NP_435919.1","ASQ06702.1","gene4586","SNP","T",0.5,0.5,0.333333333333333,0.545454545454545,0.5,0.111111111111111,0.428571428571429
778492,"CP021827.1","G","A",23900.2,0.816,"synonymous_variant","LOW","CDO23_22940",5431,"270, 276, 279, 313, 267","Yes","nitrate reductase","NP_435919.1","ASQ06702.1","gene4586","SNP","G",0.125,0.25,0.333333333333333,0.181818181818182,0.333333333333333,0,0.183673469387755
778502,"CP021827.1","A","G",21713.2,0.8,"missense_variant","MODERATE","CDO23_22940",5493,"anc, 270, 276, 279, 313, 267","No","nitrate reductase","NP_435919.1","ASQ06702.1","gene4586","SNP","A",0.125,0.166666666666667,0.333333333333333,0.0909090909090909,0.5,0.111111111111111,0.183673469387755
778510,"CP021827.1","G","C",17930.3,0.711,"synonymous_variant","LOW","CDO23_22940",5351,"anc, 270, 276, 279, 313, 267","No","nitrate reductase","NP_435919.1","ASQ06702.1","gene4586","SNP","G",0.125,0.25,0.666666666666667,0.181818181818182,0.5,0.222222222222222,0.26530612244898
793546,"CP021827.1","A","G",1214.47,0.082,"missense_variant","MODERATE","CDO23_23025",4196,"anc, 270, 279","No","NYN domain-containing protein","NP_435936.2","ASQ06718.1","gene4603","SNP","G",0,0.166666666666667,0,0.0909090909090909,0,0.111111111111111,0.0816326530612245
793560,"CP021827.1","G","C",3051.65,0.163,"intergenic_region","MODIFIER","CDO23_23025-hemN",4287,"anc, 270, 279, 313, 267","No","intergenic",NA,NA,NA,"SNP","C",0.25,0.166666666666667,0,0.0909090909090909,0.166666666666667,0.222222222222222,0.163265306122449
793567,"CP021827.1","C","G",2658.99,0.167,"intergenic_region","MODIFIER","CDO23_23025-hemN",4751,"anc, 270, 279, 267","No","intergenic",NA,NA,NA,"SNP","G",0.25,0.25,0,0.0909090909090909,0,0.222222222222222,0.163265306122449
793579,"CP021827.1","G","A",3869.38,0.149,"intergenic_region","MODIFIER","CDO23_23025-hemN",4772,"anc, 270, 279, 267","No","intergenic",NA,NA,NA,"SNP","A",0.25,0.166666666666667,0,0.0909090909090909,0,0.222222222222222,0.142857142857143
793591,"CP021827.1","G","C",3216.6,0.152,"intergenic_region","MODIFIER","CDO23_23025-hemN",4841,"anc, 270, 267","No","intergenic",NA,NA,NA,"SNP","C",0.375,0.166666666666667,0,0,0,0.222222222222222,0.142857142857143
809071,"CP021827.1","T","C",6297.37,0.02,"intergenic_region","MODIFIER","CDO23_23110-CDO23_23120",4806,"270","Yes","zinc-dependent alcohol dehydrogenase","NP_435950.1",NA,"gene4621","SNP","C",0,0.0833333333333333,0,0,0,0,0.0204081632653061
897897,"CP021828.1","T","C",146865,0.979,"intragenic_variant","MODIFIER","ltrA",5624,"anc","No","intergenic",NA,NA,NA,"SNP","T",0,0,0,0,0,0.111111111111111,0.0204081632653061
898518,"CP021828.1","C","G",735.91,0.041,"intragenic_variant","MODIFIER","ltrA",5171,"270, 267","Yes","intergenic",NA,NA,NA,"SNP","G",0.125,0.0833333333333333,0,0,0,0,0.0408163265306122
911042,"CP021828.1","T","A",3788.37,0.02,"missense_variant","MODERATE","rfbF",4249,"279","Yes","glucose-1-phosphate cytidylyltransferase","NP_437783.1","ASQ08639.1","gene5994","SNP","A",0,0,0,0.0909090909090909,0,0,0.0204081632653061
958334,"CP021827.1","A","C",117.37,0.02,"intergenic_region","MODIFIER","CDO23_23840-CDO23_23845",4428,"267","Yes","intergenic",NA,NA,NA,"SNP","C",0.125,0,0,0,0,0,0.0204081632653061
958352,"CP021827.1","G","GC",90673,0.83,"intergenic_region","MODIFIER","CDO23_23840-CDO23_23845",3922,"270, 279, 313","Yes","intergenic",NA,NA,NA,"INS","G",0,0.166666666666667,0,0.363636363636364,0.333333333333333,0,0.163265306122449
962653,"CP021827.1","C","T",511.22,0.042,"intergenic_region","MODIFIER","CDO23_23865-CDO23_23875",3906,"anc, 279","No","cell filamentation protein Fic","NP_436394.1",NA,"gene4772","SNP","T",0,0,0,0.0909090909090909,0,0.111111111111111,0.0408163265306122
962660,"CP021827.1","C","T",786.91,0.041,"intergenic_region","MODIFIER","CDO23_23865-CDO23_23875",3841,"279, 267","Yes","cell filamentation protein Fic","NP_436394.1",NA,"gene4772","SNP","T",0.125,0,0,0.0909090909090909,0,0,0.0408163265306122
962668,"CP021827.1","C","A",1746.23,0.122,"intergenic_region","MODIFIER","CDO23_23865-CDO23_23875",3936,"anc, 279, 267","No","cell filamentation protein Fic","NP_436394.1",NA,"gene4772","SNP","A",0.125,0,0,0.181818181818182,0,0.333333333333333,0.122448979591837
962673,"CP021827.1","C","T",2830.04,0.143,"intergenic_region","MODIFIER","CDO23_23865-CDO23_23875",4045,"anc, 270, 279, 267","No","cell filamentation protein Fic","NP_436394.1",NA,"gene4772","SNP","T",0.125,0.0833333333333333,0,0.181818181818182,0,0.333333333333333,0.142857142857143
962686,"CP021827.1","A","C",7018.45,0.388,"intergenic_region","MODIFIER","CDO23_23865-CDO23_23875",4354,"anc, 270, 276, 279, 313, 267","No","cell filamentation protein Fic","NP_436394.1",NA,"gene4772","SNP","C",0.5,0.25,0.333333333333333,0.363636363636364,0.333333333333333,0.555555555555556,0.387755102040816
994802,"CP021828.1","T","C",479.34,0.063,"missense_variant","MODERATE","CDO23_30460",3491,"anc, 276, 279","No","RelE/ParE family toxin","NP_436603.1","ASQ08032.1","gene6091","SNP","C",0,0,0.333333333333333,0.0909090909090909,0,0.111111111111111,0.0612244897959184
994803,"CP021828.1","C","A",577.06,0.061,"synonymous_variant","LOW","CDO23_30460",2995,"279, 313","Yes","RelE/ParE family toxin","NP_436603.1","ASQ08032.1","gene6091","SNP","A",0,0,0,0.0909090909090909,0.333333333333333,0,0.0612244897959184
995452,"CP021828.1","C","T",176.91,0.041,"intergenic_region","MODIFIER","CDO23_30460-CDO23_30475",2486,"anc, 279","No","hypothetical protein","WP_017268213.1",NA,"gene6093","SNP","T",0,0,0,0.0909090909090909,0,0.111111111111111,0.0408163265306122
1009532,"CP021827.1","AT","A",44918.6,0.898,"frameshift_variant","HIGH","CDO23_24100",6519,"anc, 270, 279","No","hypothetical protein","NP_436168.1","ASQ06905.1","gene4818","DEL","AT",0,0.25,0,0.0909090909090909,0,0.111111111111111,0.102040816326531
1009548,"CP021827.1","A","G",216.76,0.041,"synonymous_variant","LOW","CDO23_24100",5244,"270, 279","Yes","hypothetical protein","NP_436168.1","ASQ06905.1","gene4818","SNP","G",0,0.0833333333333333,0,0.0909090909090909,0,0,0.0408163265306122
1009563,"CP021827.1","C","T",258.32,0.061,"missense_variant","MODERATE","CDO23_24100",5281,"anc, 270, 279","No","hypothetical protein","NP_436168.1","ASQ06905.1","gene4818","SNP","T",0,0.0833333333333333,0,0.0909090909090909,0,0.111111111111111,0.0612244897959184
1009630,"CP021827.1","G","T",190.96,0.061,"synonymous_variant","LOW","CDO23_24100",5280,"270, 313","Yes","hypothetical protein","NP_436168.1","ASQ06905.1","gene4818","SNP","T",0,0.0833333333333333,0,0,0.333333333333333,0,0.0612244897959184
1010097,"CP021827.1","C","T",12251.2,0.489,"missense_variant","MODERATE","CDO23_24100",6157,"anc, 270, 276, 279, 313, 267","No","hypothetical protein","NP_436168.1","ASQ06905.1","gene4818","SNP","T",0.625,0.5,1,0.363636363636364,0.333333333333333,0.333333333333333,0.469387755102041
1010789,"CP021827.1","T","C",13296.1,0.674,"missense_variant","MODERATE","CDO23_24100",8269,"anc, 270, 276, 279, 313","No","hypothetical protein","NP_436168.1","ASQ06905.1","gene4818","SNP","T",0,0.333333333333333,0.666666666666667,0.181818181818182,0.5,0.444444444444444,0.306122448979592
1010932,"CP021827.1","T","C",6082.15,0.383,"synonymous_variant","LOW","CDO23_24100",5157,"anc, 270, 276, 279, 313, 267","No","hypothetical protein","NP_436168.1","ASQ06905.1","gene4818","SNP","C",0.375,0.416666666666667,0.333333333333333,0.0909090909090909,0.666666666666667,0.444444444444444,0.36734693877551
1011310,"CP021827.1","T","C",792.71,0.188,"synonymous_variant","LOW","CDO23_24100",4124,"anc, 270, 279, 313","No","hypothetical protein","NP_436168.1","ASQ06905.1","gene4818","SNP","C",0,0.333333333333333,0,0.272727272727273,0.166666666666667,0.111111111111111,0.183673469387755
1011356,"CP021827.1","G","A",802.1,0.184,"missense_variant","MODERATE","CDO23_24100",4843,"anc, 270, 276, 279, 313","No","hypothetical protein","NP_436168.1","ASQ06905.1","gene4818","SNP","A",0,0.25,0.333333333333333,0.181818181818182,0.166666666666667,0.222222222222222,0.183673469387755
1013618,"CP021827.1","G","C",5021.55,0.367,"synonymous_variant","LOW","CDO23_24110",5291,"anc, 270, 279, 313, 267","No","arylsulfatase","NP_436170.1","ASQ06907.1","gene4820","SNP","C",0.5,0.25,0,0.454545454545455,0.333333333333333,0.444444444444444,0.36734693877551
1014176,"CP021827.1","A","G",913.84,0.102,"synonymous_variant","LOW","CDO23_24110",5351,"anc, 270, 267","No","arylsulfatase","NP_436170.1","ASQ06907.1","gene4820","SNP","G",0.125,0.25,0,0,0,0.111111111111111,0.102040816326531
1014317,"CP021827.1","T","C",12544.7,0.563,"synonymous_variant","LOW","CDO23_24110",8328,"anc, 270, 276, 279, 313, 267","No","arylsulfatase","NP_436170.1","ASQ06907.1","gene4820","SNP","T",0.25,0.166666666666667,0.666666666666667,0.454545454545455,0.5,0.777777777777778,0.428571428571429
1014371,"CP021827.1","C","T",12372.2,0.367,"synonymous_variant","LOW","CDO23_24110",7963,"anc, 270, 279, 313, 267","No","arylsulfatase","NP_436170.1","ASQ06907.1","gene4820","SNP","T",0.25,0.583333333333333,0,0.454545454545455,0.333333333333333,0.222222222222222,0.36734693877551
1014386,"CP021827.1","A","C",6943.41,0.255,"synonymous_variant","LOW","CDO23_24110",8235,"anc, 270, 279, 313, 267","No","arylsulfatase","NP_436170.1","ASQ06907.1","gene4820","SNP","C",0.25,0.333333333333333,0,0.272727272727273,0.333333333333333,0.111111111111111,0.244897959183673
1014455,"CP021827.1","C","T",8722.78,0.362,"synonymous_variant","LOW","CDO23_24110",8665,"anc, 270, 279, 313, 267","No","arylsulfatase","NP_436170.1","ASQ06907.1","gene4820","SNP","T",0.25,0.416666666666667,0,0.363636363636364,0.666666666666667,0.222222222222222,0.346938775510204
1014461,"CP021827.1","G","A",6016.19,0.286,"synonymous_variant","LOW","CDO23_24110",8871,"anc, 270, 279, 313, 267","No","arylsulfatase","NP_436170.1","ASQ06907.1","gene4820","SNP","A",0.25,0.333333333333333,0,0.363636363636364,0.333333333333333,0.222222222222222,0.285714285714286
1038788,"CP021825.1","C","G",2750.82,0.313,"synonymous_variant","LOW","CDO23_05010",1725,"anc, 270, 276, 279, 313, 267","No","methoxymalonyl-ACP biosynthesis protein FkbH","NP_386411.1","ASQ03358.1","gene1000","SNP","G",0.25,0.5,0.333333333333333,0.272727272727273,0.166666666666667,0.222222222222222,0.306122448979592
1038838,"CP021825.1","T","C",881.78,0.244,"missense_variant","MODERATE","CDO23_05010",1006,"anc, 270, 279, 267","No","methoxymalonyl-ACP biosynthesis protein FkbH","NP_386411.1","ASQ03358.1","gene1000","SNP","C",0.125,0.25,0,0.0909090909090909,0,0.666666666666667,0.224489795918367
1084966,"CP021827.1","G","A",4534.79,0.617,"synonymous_variant","LOW","trkD",1416,"anc, 270, 276, 279, 313, 267","No","potassium transporter Kup","NP_436237.1","ASQ06962.1","gene4892","SNP","G",0.25,0.416666666666667,1,0.272727272727273,0.5,0.222222222222222,0.36734693877551
1133218,"CP021827.1","G","T",164217,0.979,"synonymous_variant","LOW","CDO23_24710",4504,"313","Yes","AcrB/AcrD/AcrF family protein","NP_436282.2","ASQ06997.1","gene4940","SNP","G",0,0,0,0,0.166666666666667,0,0.0204081632653061
1173412,"CP021827.1","CGT","C",614.95,0.041,"frameshift_variant","HIGH","CDO23_24960",4139,"anc, 270","No","MFS transporter","NP_436319.2","ASQ07192.1","gene4990","DEL","C",0,0.0833333333333333,0,0,0,0.111111111111111,0.0408163265306122
1173420,"CP021827.1","G","C",575.59,0.063,"missense_variant","MODERATE","CDO23_24960",4270,"anc, 270","No","MFS transporter","NP_436319.2","ASQ07192.1","gene4990","SNP","C",0,0.0833333333333333,0,0,0,0.222222222222222,0.0612244897959184
1173432,"CP021827.1","A","G",521.24,0.064,"missense_variant","MODERATE","CDO23_24960",4257,"anc, 270, 267","No","MFS transporter","NP_436319.2","ASQ07192.1","gene4990","SNP","G",0.125,0.0833333333333333,0,0,0,0.111111111111111,0.0612244897959184
1173452,"CP021827.1","C","G",690.34,0.109,"synonymous_variant","LOW","CDO23_24960",4245,"anc, 270, 267","No","MFS transporter","NP_436319.2","ASQ07192.1","gene4990","SNP","G",0.125,0.0833333333333333,0,0,0,0.333333333333333,0.102040816326531
1189635,"CP021827.1","G","C",7798.32,0.467,"synonymous_variant","LOW","CDO23_25050",3967,"anc, 270, 276, 279, 313, 267","No","amidohydrolase","WP_014532023.1","ASQ07045.1","gene5008","SNP","C",0.375,0.333333333333333,0.666666666666667,0.636363636363636,0.5,0.222222222222222,0.428571428571429
1199494,"CP021827.1","A","C",16049.5,0.878,"synonymous_variant","LOW","CDO23_25095",1093,"anc, 270, 276, 279, 267","No","uracil-DNA glycosylase","WP_017267868.1","ASQ07054.1","gene5017","SNP","A",0.125,0.166666666666667,0.333333333333333,0.0909090909090909,0,0.111111111111111,0.122448979591837
1199501,"CP021827.1","T","C",16592.1,0.898,"missense_variant","MODERATE","CDO23_25095",1103,"anc, 270, 276, 279, 267","No","uracil-DNA glycosylase","WP_017267868.1","ASQ07054.1","gene5017","SNP","T",0.125,0.0833333333333333,0.333333333333333,0.0909090909090909,0,0.111111111111111,0.102040816326531
1199524,"CP021827.1","T","G",17541.3,0.918,"synonymous_variant","LOW","CDO23_25095",1250,"270, 276, 267","Yes","uracil-DNA glycosylase","WP_017267868.1","ASQ07054.1","gene5017","SNP","T",0.125,0.166666666666667,0.333333333333333,0,0,0,0.0816326530612245
1199746,"CP021827.1","G","GAA",3207.69,0.163,"intergenic_region","MODIFIER","CDO23_25095-CDO23_25100",1170,"anc, 270, 279, 313, 267","No","intergenic",NA,NA,NA,"INS","GAA",0.125,0.0833333333333333,0,0.272727272727273,0.166666666666667,0.222222222222222,0.163265306122449
1200993,"CP021827.1","C","A",3837.99,0.204,"intergenic_region","MODIFIER","CDO23_25100-CDO23_25110",4425,"anc, 270, 276, 267","No","intergenic",NA,NA,NA,"SNP","A",0.25,0.25,0.333333333333333,0,0,0.444444444444444,0.204081632653061
1201056,"CP021827.1","T","G",4015.9,0.224,"intergenic_region","MODIFIER","CDO23_25100-CDO23_25110",5120,"anc, 270, 276, 279, 313, 267","No","intergenic",NA,NA,NA,"SNP","G",0.375,0.166666666666667,0.333333333333333,0.0909090909090909,0.166666666666667,0.333333333333333,0.224489795918367
1201085,"CP021827.1","G","A",1336.58,0.104,"intergenic_region","MODIFIER","CDO23_25100-CDO23_25110",4056,"anc, 276, 279, 267","No","intergenic",NA,NA,NA,"SNP","A",0.125,0,0.333333333333333,0.0909090909090909,0,0.222222222222222,0.102040816326531
1201804,"CP021827.1","G","C",185.91,0.041,"intergenic_region","MODIFIER","CDO23_25100-CDO23_25110",3692,"anc","No","intergenic",NA,NA,NA,"SNP","C",0,0,0,0,0,0.222222222222222,0.0408163265306122
1202172,"CP021827.1","G","A",7556.21,0.5,"synonymous_variant","LOW","CDO23_25110",6148,"anc, 270, 276, 279, 313, 267","No","alpha-hydroxy-acid oxidizing protein","NP_435462.1","ASQ07056.1","gene5020","SNP","G",0.375,0.416666666666667,0.666666666666667,0.545454545454545,0.333333333333333,0.666666666666667,0.489795918367347
1202352,"CP021827.1","G","A",4009.32,0.391,"synonymous_variant","LOW","CDO23_25110",5816,"anc, 270, 276, 279, 313, 267","No","alpha-hydroxy-acid oxidizing protein","NP_435462.1","ASQ07056.1","gene5020","SNP","A",0.25,0.5,0.333333333333333,0.272727272727273,0.333333333333333,0.444444444444444,0.36734693877551
1202379,"CP021827.1","A","G",3166.64,0.2,"synonymous_variant","LOW","CDO23_25110",6015,"anc, 270, 276, 279, 267","No","alpha-hydroxy-acid oxidizing protein","NP_435462.1","ASQ07056.1","gene5020","SNP","G",0.25,0.166666666666667,0.333333333333333,0.181818181818182,0,0.222222222222222,0.183673469387755
1202439,"CP021827.1","G","A",5519.07,0.354,"synonymous_variant","LOW","CDO23_25110",5990,"anc, 270, 276, 279, 313, 267","No","alpha-hydroxy-acid oxidizing protein","NP_435462.1","ASQ07056.1","gene5020","SNP","A",0.375,0.25,0.333333333333333,0.363636363636364,0.166666666666667,0.555555555555556,0.346938775510204
1202965,"CP021827.1","C","T",3121.12,0.277,"intergenic_region","MODIFIER","CDO23_25110-CDO23_25120",3835,"anc, 270, 279, 267","No","hypothetical protein","NP_435461.1",NA,"gene5021","SNP","T",0.25,0.333333333333333,0,0.272727272727273,0,0.444444444444444,0.26530612244898
1236030,"CP021827.1","A","C",8579.6,0.396,"missense_variant","MODERATE","CDO23_25320",7820,"anc, 270, 276, 279, 313, 267","No","hybrid-cluster NAD(P)-dependent oxidoreductase","NP_435647.1","ASQ07196.1","gene5062","SNP","C",0.5,0.333333333333333,0.666666666666667,0.363636363636364,0.333333333333333,0.333333333333333,0.387755102040816
1236099,"CP021827.1","G","C",5591.75,0.375,"synonymous_variant","LOW","CDO23_25320",8167,"anc, 270, 276, 279, 313, 267","No","hybrid-cluster NAD(P)-dependent oxidoreductase","NP_435647.1","ASQ07196.1","gene5062","SNP","C",0.5,0.25,0.333333333333333,0.181818181818182,0.833333333333333,0.333333333333333,0.36734693877551
1236257,"CP021827.1","T","C",940.28,0.17,"missense_variant","MODERATE","CDO23_25320",8361,"anc, 270, 279, 267","No","hybrid-cluster NAD(P)-dependent oxidoreductase","NP_435647.1","ASQ07196.1","gene5062","SNP","C",0.125,0.333333333333333,0,0.0909090909090909,0,0.222222222222222,0.163265306122449
1236319,"CP021827.1","G","C",1127.37,0.083,"missense_variant","MODERATE","CDO23_25320",8485,"270, 313, 267","Yes","hybrid-cluster NAD(P)-dependent oxidoreductase","NP_435647.1","ASQ07196.1","gene5062","SNP","C",0.125,0.166666666666667,0,0,0.166666666666667,0,0.0816326530612245
1236609,"CP021827.1","G","C",689.81,0.109,"synonymous_variant","LOW","CDO23_25320",8597,"270, 279, 267","Yes","hybrid-cluster NAD(P)-dependent oxidoreductase","NP_435647.1","ASQ07196.1","gene5062","SNP","C",0.125,0.166666666666667,0,0.181818181818182,0,0,0.102040816326531
1236666,"CP021827.1","G","C",201.87,0.061,"synonymous_variant","LOW","CDO23_25320",8362,"anc, 279, 267","No","hybrid-cluster NAD(P)-dependent oxidoreductase","NP_435647.1","ASQ07196.1","gene5062","SNP","C",0.125,0,0,0.0909090909090909,0,0.111111111111111,0.0612244897959184
1236699,"CP021827.1","A","G",492.02,0.143,"synonymous_variant","LOW","CDO23_25320",8588,"anc, 270, 276, 313, 267","No","hybrid-cluster NAD(P)-dependent oxidoreductase","NP_435647.1","ASQ07196.1","gene5062","SNP","G",0.125,0.0833333333333333,0.333333333333333,0,0.166666666666667,0.333333333333333,0.142857142857143
1236845,"CP021827.1","A","G",7344.09,0.444,"missense_variant","MODERATE","CDO23_25325",10538,"anc, 270, 276, 279, 313, 267","No","aromatic ring-hydroxylating dioxygenase subunit alpha","NP_435646.1","ASQ07085.1","gene5063","SNP","G",0.25,0.5,0.666666666666667,0.363636363636364,0.333333333333333,0.444444444444444,0.408163265306122
1236872,"CP021827.1","C","G",6299.8,0.375,"missense_variant","MODERATE","CDO23_25325",10129,"anc, 270, 276, 279, 313, 267","No","aromatic ring-hydroxylating dioxygenase subunit alpha","NP_435646.1","ASQ07085.1","gene5063","SNP","G",0.125,0.5,0.666666666666667,0.363636363636364,0.166666666666667,0.444444444444444,0.36734693877551
1237036,"CP021827.1","C","G",4749.48,0.326,"synonymous_variant","LOW","CDO23_25325",10517,"anc, 270, 276, 279, 313, 267","No","aromatic ring-hydroxylating dioxygenase subunit alpha","NP_435646.1","ASQ07085.1","gene5063","SNP","G",0.25,0.25,0.333333333333333,0.363636363636364,0.333333333333333,0.333333333333333,0.306122448979592
1237194,"CP021827.1","C","A",14920.1,0.625,"missense_variant","MODERATE","CDO23_25325",10435,"anc, 270, 276, 279, 313, 267","No","aromatic ring-hydroxylating dioxygenase subunit alpha","NP_435646.1","ASQ07085.1","gene5063","SNP","C",0.25,0.5,0.666666666666667,0.363636363636364,0.333333333333333,0.222222222222222,0.36734693877551
1237501,"CP021827.1","G","T",1042.73,0.104,"missense_variant","MODERATE","CDO23_25325",9661,"270, 279, 313, 267","Yes","aromatic ring-hydroxylating dioxygenase subunit alpha","NP_435646.1","ASQ07085.1","gene5063","SNP","T",0.25,0.0833333333333333,0,0.0909090909090909,0.166666666666667,0,0.102040816326531
1238223,"CP021827.1","G","A",1171.87,0.061,"synonymous_variant","LOW","CDO23_25330",6249,"anc, 279, 267","No","LysR family transcriptional regulator","NP_435645.1","ASQ07086.1","gene5064","SNP","A",0.125,0,0,0.0909090909090909,0,0.111111111111111,0.0612244897959184
1238263,"CP021827.1","A","C",1526.25,0.042,"missense_variant","MODERATE","CDO23_25330",6322,"279, 267","Yes","LysR family transcriptional regulator","NP_435645.1","ASQ07086.1","gene5064","SNP","C",0.125,0,0,0.0909090909090909,0,0,0.0408163265306122
1238283,"CP021827.1","C","G",1478.62,0.085,"synonymous_variant","LOW","CDO23_25330",6366,"anc, 270, 279, 267","No","LysR family transcriptional regulator","NP_435645.1","ASQ07086.1","gene5064","SNP","G",0.125,0.0833333333333333,0,0.0909090909090909,0,0.111111111111111,0.0816326530612245
1238301,"CP021827.1","G","A",2115.81,0.109,"synonymous_variant","LOW","CDO23_25330",6576,"anc, 270, 279, 267","No","LysR family transcriptional regulator","NP_435645.1","ASQ07086.1","gene5064","SNP","A",0.125,0.0833333333333333,0,0.181818181818182,0,0.111111111111111,0.102040816326531
1238313,"CP021827.1","G","T",4000.99,0.204,"missense_variant","MODERATE","CDO23_25330",6510,"anc, 270, 279, 313, 267","No","LysR family transcriptional regulator","NP_435645.1","ASQ07086.1","gene5064","SNP","T",0.125,0.25,0,0.181818181818182,0.166666666666667,0.333333333333333,0.204081632653061
1238319,"CP021827.1","C","T",5120.98,0.25,"synonymous_variant","LOW","CDO23_25330",6554,"anc, 270, 279, 313, 267","No","LysR family transcriptional regulator","NP_435645.1","ASQ07086.1","gene5064","SNP","T",0.125,0.25,0,0.181818181818182,0.166666666666667,0.555555555555556,0.244897959183673
1238322,"CP021827.1","A","C",3631.02,0.204,"missense_variant","MODERATE","CDO23_25330",6686,"anc, 270, 279, 313, 267","No","LysR family transcriptional regulator","NP_435645.1","ASQ07086.1","gene5064","SNP","C",0.125,0.25,0,0.0909090909090909,0.333333333333333,0.333333333333333,0.204081632653061
1238349,"CP021827.1","C","G",5826.45,0.367,"synonymous_variant","LOW","CDO23_25330",6749,"anc, 270, 276, 279, 313, 267","No","LysR family transcriptional regulator","NP_435645.1","ASQ07086.1","gene5064","SNP","G",0.125,0.333333333333333,0.333333333333333,0.363636363636364,0.333333333333333,0.666666666666667,0.36734693877551
1238355,"CP021827.1","C","G",4149.67,0.283,"synonymous_variant","LOW","CDO23_25330",6696,"anc, 270, 279, 313, 267","No","LysR family transcriptional regulator","NP_435645.1","ASQ07086.1","gene5064","SNP","G",0.125,0.166666666666667,0,0.272727272727273,0.5,0.444444444444444,0.26530612244898
1238379,"CP021827.1","C","T",649.47,0.082,"synonymous_variant","LOW","CDO23_25330",5962,"anc, 267","No","LysR family transcriptional regulator","NP_435645.1","ASQ07086.1","gene5064","SNP","T",0.125,0,0,0,0,0.333333333333333,0.0816326530612245
1238395,"CP021827.1","C","G",603.32,0.065,"missense_variant","MODERATE","CDO23_25330",5951,"anc","No","LysR family transcriptional regulator","NP_435645.1","ASQ07086.1","gene5064","SNP","G",0,0,0,0,0,0.333333333333333,0.0612244897959184
1238403,"CP021827.1","C","G",1994.78,0.174,"synonymous_variant","LOW","CDO23_25330",6334,"anc, 270, 267","No","LysR family transcriptional regulator","NP_435645.1","ASQ07086.1","gene5064","SNP","G",0.125,0.166666666666667,0,0,0,0.555555555555556,0.163265306122449
1238424,"CP021827.1","T","C",1066.84,0.146,"synonymous_variant","LOW","CDO23_25330",6819,"anc, 270, 267","No","LysR family transcriptional regulator","NP_435645.1","ASQ07086.1","gene5064","SNP","C",0.125,0.166666666666667,0,0,0,0.444444444444444,0.142857142857143
1238425,"CP021827.1","C","A",445.63,0.128,"missense_variant","MODERATE","CDO23_25330",6818,"anc, 270, 267","No","LysR family transcriptional regulator","NP_435645.1","ASQ07086.1","gene5064","SNP","A",0.125,0.166666666666667,0,0,0,0.333333333333333,0.122448979591837
1238532,"CP021827.1","C","A",9332.93,0.563,"synonymous_variant","LOW","CDO23_25330",8401,"anc, 270, 276, 279, 313, 267","No","LysR family transcriptional regulator","NP_435645.1","ASQ07086.1","gene5064","SNP","C",0.25,0.416666666666667,0.666666666666667,0.363636363636364,0.5,0.555555555555556,0.428571428571429
1238748,"CP021827.1","C","A",47853,0.935,"synonymous_variant","LOW","CDO23_25330",8561,"anc","No","LysR family transcriptional regulator","NP_435645.1","ASQ07086.1","gene5064","SNP","C",0,0,0,0,0,0.333333333333333,0.0612244897959184
1238771,"CP021827.1","CGG","C",28913.8,0.694,"frameshift_variant","HIGH","CDO23_25330",7069,"anc, 270, 279, 313, 267","No","LysR family transcriptional regulator","NP_435645.1","ASQ07086.1","gene5064","DEL","CGG",0.5,0.25,0,0.272727272727273,0.166666666666667,0.444444444444444,0.306122448979592
1238774,"CP021827.1","C","CAG",11357.1,0.447,"frameshift_variant","HIGH","CDO23_25330",6298,"anc, 270, 276, 279, 313, 267","No","LysR family transcriptional regulator","NP_435645.1","ASQ07086.1","gene5064","INS","CAG",0.375,0.583333333333333,0.333333333333333,0.454545454545455,0.5,0.222222222222222,0.428571428571429
1238784,"CP021827.1","T","C",42083.9,0.787,"synonymous_variant","LOW","CDO23_25330",6142,"anc, 270, 279, 313, 267","No","LysR family transcriptional regulator","NP_435645.1","ASQ07086.1","gene5064","SNP","T",0.125,0.166666666666667,0,0.181818181818182,0.166666666666667,0.444444444444444,0.204081632653061
1238814,"CP021827.1","G","T",53027.3,0.867,"synonymous_variant","LOW","CDO23_25330",6515,"anc, 270, 279, 313, 267","No","LysR family transcriptional regulator","NP_435645.1","ASQ07086.1","gene5064","SNP","G",0.125,0.0833333333333333,0,0.0909090909090909,0.166666666666667,0.222222222222222,0.122448979591837
1247320,"CP021825.1","C","T",3786.37,0.02,"missense_variant","MODERATE","CDO23_05970",1525,"279","Yes","DUF2065 domain-containing protein","YP_001327684.1","ASQ03531.1","gene1192","SNP","T",0,0,0,0.0909090909090909,0,0,0.0204081632653061
1251680,"CP021827.1","G","A",2100.24,0.122,"intergenic_region","MODIFIER","CDO23_25425-CDO23_25440",7849,"anc, 270, 276, 279, 267","No","intergenic",NA,NA,NA,"SNP","A",0.125,0.0833333333333333,0.333333333333333,0.0909090909090909,0,0.222222222222222,0.122448979591837
1251716,"CP021827.1","G","A",1277.6,0.102,"intergenic_region","MODIFIER","CDO23_25425-CDO23_25440",8403,"anc, 270, 267","No","intergenic",NA,NA,NA,"SNP","A",0.125,0.0833333333333333,0,0,0,0.333333333333333,0.102040816326531
1251722,"CP021827.1","G","A",2957.65,0.163,"intergenic_region","MODIFIER","CDO23_25425-CDO23_25440",8721,"anc, 270, 313, 267","No","intergenic",NA,NA,NA,"SNP","A",0.125,0.0833333333333333,0,0,0.333333333333333,0.444444444444444,0.163265306122449
1251737,"CP021827.1","G","A",1415.1,0.083,"intergenic_region","MODIFIER","CDO23_25425-CDO23_25440",8545,"anc, 270, 267","No","intergenic",NA,NA,NA,"SNP","A",0.125,0.0833333333333333,0,0,0,0.222222222222222,0.0816326530612245
1251743,"CP021827.1","A","G",750.34,0.063,"intergenic_region","MODIFIER","CDO23_25425-CDO23_25440",8539,"anc, 267","No","intergenic",NA,NA,NA,"SNP","G",0.125,0,0,0,0,0.222222222222222,0.0612244897959184
1251808,"CP021827.1","C","T",21975.8,0.553,"intergenic_region","MODIFIER","CDO23_25425-CDO23_25440",7989,"anc, 270, 276, 279, 313, 267","No","peptidoglycan-binding protein","YP_001327536.1",NA,"gene5085","SNP","C",0.25,0.333333333333333,1,0.454545454545455,0.666666666666667,0.333333333333333,0.428571428571429
1251859,"CP021827.1","C","G",3748.3,0.128,"intergenic_region","MODIFIER","CDO23_25425-CDO23_25440",2966,"anc, 270, 313, 267","No","peptidoglycan-binding protein","YP_001327536.1",NA,"gene5085","SNP","G",0.25,0.166666666666667,0,0,0.166666666666667,0.111111111111111,0.122448979591837
1272656,"CP021827.1","A","C",18881.3,0.918,"missense_variant","MODERATE","CDO23_25580",1933,"anc, 270","No","ISNCY family transposase","WP_012707505.1","ASQ07113.1","gene5114","SNP","A",0,0.25,0,0,0,0.111111111111111,0.0816326530612245
1322288,"CP021828.1","C","G",82996.1,0.979,"missense_variant","MODERATE","CDO23_31975",4972,"267","Yes","hypothetical protein","WP_017268213.1","ASQ08663.1","gene6394","SNP","C",0.125,0,0,0,0,0,0.0204081632653061
1322354,"CP021828.1","G","A",33603.4,0.959,"synonymous_variant","LOW","CDO23_31975",3231,"267","Yes","hypothetical protein","WP_017268213.1","ASQ08663.1","gene6394","SNP","G",0.25,0,0,0,0,0,0.0408163265306122
1356055,"CP021825.1","TC","T",8575.65,0.163,"frameshift_variant","HIGH","CDO23_06600",2148,"anc, 270, 279, 313, 267","No","hypothetical protein","WP_017276966.1","ASQ03651.1","gene1318","DEL","T",0.125,0.0833333333333333,0,0.181818181818182,0.166666666666667,0.333333333333333,0.163265306122449
1358090,"CP021825.1","T","G",237.61,0.041,"missense_variant","MODERATE","CDO23_06610",5579,"anc, 313","No","DUF2213 domain-containing protein","WP_017275619.1","ASQ03653.1","gene1320","SNP","G",0,0,0,0,0.166666666666667,0.111111111111111,0.0408163265306122
1358203,"CP021825.1","A","ATG",92843.6,0.388,"frameshift_variant","HIGH","CDO23_06610",6784,"anc, 270, 276, 279, 313, 267","No","DUF2213 domain-containing protein","WP_017275619.1","ASQ03653.1","gene1320","INS","ATG",0.25,0.333333333333333,1,0.272727272727273,0.5,0.444444444444444,0.387755102040816
1360089,"CP021825.1","C","T",288267,0.98,"synonymous_variant","LOW","CDO23_06625",6043,"270","Yes","hypothetical protein","WP_018094781.1","ASQ03656.1","gene1323","SNP","C",0,0.0833333333333333,0,0,0,0,0.0204081632653061
1377217,"CP021825.1","G","A",128904,0.98,"missense_variant","MODERATE","CDO23_06730",10194,"279","Yes","chitinase","YP_001327536.1","ASQ03676.1","gene1344","SNP","G",0,0,0,0.0909090909090909,0,0,0.0204081632653061
1377263,"CP021825.1","C","G",7319.48,0.213,"synonymous_variant","LOW","CDO23_06730",8351,"anc, 270, 276, 279","No","chitinase","YP_001327536.1","ASQ03676.1","gene1344","SNP","G",0,0.166666666666667,0.333333333333333,0.363636363636364,0,0.333333333333333,0.204081632653061
1377284,"CP021825.1","C","A",1404.43,0.087,"synonymous_variant","LOW","CDO23_06730",8789,"anc, 279, 313","No","chitinase","YP_001327536.1","ASQ03676.1","gene1344","SNP","A",0,0,0,0.181818181818182,0.166666666666667,0.111111111111111,0.0816326530612245
1377293,"CP021825.1","G","C",104884,0.854,"synonymous_variant","LOW","CDO23_06730",9193,"anc, 270, 279, 313","No","chitinase","YP_001327536.1","ASQ03676.1","gene1344","SNP","G",0,0.0833333333333333,0,0.272727272727273,0.166666666666667,0.222222222222222,0.142857142857143
1377296,"CP021825.1","C","T",3623.99,0.184,"synonymous_variant","LOW","CDO23_06730",8895,"anc, 270, 276, 279, 313","No","chitinase","YP_001327536.1","ASQ03676.1","gene1344","SNP","T",0,0.0833333333333333,0.666666666666667,0.272727272727273,0.166666666666667,0.222222222222222,0.183673469387755
1377315,"CP021825.1","C","G",2851.33,0.102,"missense_variant","MODERATE","CDO23_06730",8162,"anc, 276, 279, 313","No","chitinase","YP_001327536.1","ASQ03676.1","gene1344","SNP","G",0,0,0.333333333333333,0.0909090909090909,0.166666666666667,0.222222222222222,0.102040816326531
1377395,"CP021825.1","C","T",124703,0.939,"synonymous_variant","LOW","CDO23_06730",4146,"270, 279","Yes","chitinase","YP_001327536.1","ASQ03676.1","gene1344","SNP","C",0,0.0833333333333333,0,0.181818181818182,0,0,0.0612244897959184
1377398,"CP021825.1","T","C",165698,0.98,"synonymous_variant","LOW","CDO23_06730",4139,"279","Yes","chitinase","YP_001327536.1","ASQ03676.1","gene1344","SNP","T",0,0,0,0.0909090909090909,0,0,0.0204081632653061
1377584,"CP021825.1","G","A",2146.96,0.106,"synonymous_variant","LOW","CDO23_06730",4107,"anc, 270, 276, 279, 267","No","chitinase","YP_001327536.1","ASQ03676.1","gene1344","SNP","A",0.125,0.0833333333333333,0.333333333333333,0.0909090909090909,0,0.111111111111111,0.102040816326531
1377602,"CP021825.1","C","T",87523.6,0.875,"synonymous_variant","LOW","CDO23_06730",4674,"anc, 270, 276, 279, 267","No","chitinase","YP_001327536.1","ASQ03676.1","gene1344","SNP","C",0.125,0.0833333333333333,0.333333333333333,0.0909090909090909,0,0.222222222222222,0.122448979591837
1377690,"CP021825.1","G","A",150.91,0.041,"missense_variant","MODERATE","CDO23_06730",4951,"anc, 270","No","chitinase","YP_001327536.1","ASQ03676.1","gene1344","SNP","A",0,0.0833333333333333,0,0,0,0.111111111111111,0.0408163265306122
1377704,"CP021825.1","T","A",33980,0.5,"synonymous_variant","LOW","CDO23_06730",6242,"anc, 270, 276, 279, 313, 267","No","chitinase","YP_001327536.1","ASQ03676.1","gene1344","SNP","T",0.875,0.5,0.666666666666667,0.272727272727273,0.333333333333333,0.444444444444444,0.489795918367347
1377749,"CP021825.1","C","A",779.91,0.041,"synonymous_variant","LOW","CDO23_06730",8683,"279","Yes","chitinase","YP_001327536.1","ASQ03676.1","gene1344","SNP","A",0,0,0,0.181818181818182,0,0,0.0408163265306122
1377794,"CP021825.1","C","G",3078.47,0.082,"synonymous_variant","LOW","CDO23_06730",10614,"anc, 276, 279, 313","No","chitinase","YP_001327536.1","ASQ03676.1","gene1344","SNP","G",0,0,0.333333333333333,0.0909090909090909,0.166666666666667,0.111111111111111,0.0816326530612245
1377877,"CP021825.1","G","A",12421.2,0.128,"missense_variant","MODERATE","CDO23_06730",8268,"anc, 276, 279, 313, 267","No","chitinase","YP_001327536.1","ASQ03676.1","gene1344","SNP","A",0.125,0,0.333333333333333,0.181818181818182,0.166666666666667,0.111111111111111,0.122448979591837
1452970,"CP021828.1","T","G",274.38,0.02,"intergenic_region","MODIFIER","gfa-CDO23_32630",5479,"313","Yes","intergenic",NA,NA,NA,"SNP","G",0,0,0,0,0.166666666666667,0,0.0204081632653061
1452986,"CP021828.1","C","CA",3368.86,0.064,"intergenic_region","MODIFIER","gfa-CDO23_32630",5378,"anc, 270, 267","No","intergenic",NA,NA,NA,"INS","CA",0.125,0.0833333333333333,0,0,0,0.111111111111111,0.0612244897959184
1471780,"CP021828.1","G","A",13145.9,0.532,"synonymous_variant","LOW","CDO23_32725",7670,"anc, 270, 279, 313, 267","No","cytochrome c biogenesis protein DipZ","NP_436746.1","ASQ08436.1","gene6544","SNP","G",0.625,0.666666666666667,0,0.272727272727273,0.166666666666667,0.555555555555556,0.448979591836735
1732471,"CP021825.1","AT","A",1086.87,0.061,"intragenic_variant","MODIFIER","gene3",4035,"276, 279, 267","Yes","intergenic",NA,NA,NA,"DEL","A",0.125,0,0.333333333333333,0.0909090909090909,0,0,0.0612244897959184
1732500,"CP021825.1","A","G",862.1,0.083,"intragenic_variant","MODIFIER","gene3",4179,"anc, 270, 276, 267","No","intergenic",NA,NA,NA,"SNP","G",0.125,0.0833333333333333,0.333333333333333,0,0,0.111111111111111,0.0816326530612245
1732515,"CP021825.1","G","T",4271.58,0.292,"synonymous_variant","LOW","CDO23_08540",5479,"anc, 270, 276, 279, 313, 267","No","hypothetical protein","NP_385818.1","ASQ03982.1","gene1706","SNP","T",0.375,0.166666666666667,0.666666666666667,0.181818181818182,0.166666666666667,0.444444444444444,0.285714285714286
1732521,"CP021825.1","T","G",3929.62,0.224,"missense_variant","MODERATE","CDO23_08540",5654,"anc, 270, 276, 279, 267","No","hypothetical protein","NP_385818.1","ASQ03982.1","gene1706","SNP","G",0.125,0.166666666666667,0.666666666666667,0.181818181818182,0,0.444444444444444,0.224489795918367
1732545,"CP021825.1","G","A",7793.49,0.304,"synonymous_variant","LOW","CDO23_08540",6735,"anc, 270, 276, 279, 267","No","hypothetical protein","NP_385818.1","ASQ03982.1","gene1706","SNP","A",0.375,0.166666666666667,0.666666666666667,0.181818181818182,0,0.555555555555556,0.285714285714286
1732551,"CP021825.1","C","T",7540.7,0.313,"synonymous_variant","LOW","CDO23_08540",6541,"anc, 270, 276, 279, 313, 267","No","hypothetical protein","NP_385818.1","ASQ03982.1","gene1706","SNP","T",0.25,0.166666666666667,0.666666666666667,0.272727272727273,0.166666666666667,0.555555555555556,0.306122448979592
1732566,"CP021825.1","A","C",14414.3,0.404,"synonymous_variant","LOW","CDO23_08540",7318,"anc, 270, 276, 279, 313, 267","No","hypothetical protein","NP_385818.1","ASQ03982.1","gene1706","SNP","C",0.625,0.25,0.666666666666667,0.272727272727273,0.333333333333333,0.444444444444444,0.387755102040816
1732594,"CP021825.1","G","A",7978.77,0.174,"missense_variant","MODERATE","CDO23_08540",6172,"anc, 270, 276, 279, 313","No","hypothetical protein","NP_385818.1","ASQ03982.1","gene1706","SNP","A",0,0.166666666666667,0.333333333333333,0.0909090909090909,0.166666666666667,0.333333333333333,0.163265306122449
1904758,"CP021825.1","C","G",358.91,0.041,"intragenic_variant","MODIFIER","gene3",3074,"270, 276","Yes","intergenic",NA,NA,NA,"SNP","G",0,0.0833333333333333,0.333333333333333,0,0,0,0.0408163265306122
