"POS","CHROM.x","SINGLETON/DOUBLETON","ALLELE","INDV","CHROM.y","QUAL"
1529,"CP021828.1","S","T","270-C13-EPS+-34","CP021828.1",937.37
1543,"CP021828.1","S","C","270-C13-EPS+-34","CP021828.1",330.37
12513,"CP021825.1","S","C","270-C13-EPS+-34","CP021825.1",83.37
12516,"CP021825.1","S","C","270-C13-EPS+-34","CP021825.1",83.37
57605,"CP021825.1","S","C","270-C13-EPS+-34","CP021825.1",613.37
62942,"CP021828.1","S","G","270-C13-EPS+-34","CP021828.1",156830
63290,"CP021825.1","S","G","270-C13-EPS+-34","CP021825.1",427.37
63294,"CP021825.1","S","T","270-C13-EPS+-34","CP021825.1",427.37
63295,"CP021825.1","S","G","270-C13-EPS+-34","CP021825.1",427.37
63297,"CP021825.1","S","A","270-C13-EPS+-34","CP021825.1",427.37
78309,"CP021828.1","S","G","270-C13-EPS+-34","CP021828.1",135852
93389,"CP021828.1","S","C","270-C13-EPS+-34","CP021828.1",114048
108818,"CP021827.1","S","A","270-C13-EPS+-34","CP021827.1",141368
118260,"CP021827.1","S","T","270-C13-EPS+-34","CP021827.1",442.37
118263,"CP021827.1","S","C","270-C13-EPS+-34","CP021827.1",442.37
118269,"CP021827.1","S","C","270-C13-EPS+-34","CP021827.1",476.37
119365,"CP021828.1","S","G","270-C13-EPS+-34","CP021828.1",374.37
120349,"CP021827.1","S","G","270-C13-EPS+-34","CP021827.1",156921
121798,"CP021828.1","S","T","270-C13-EPS+-34","CP021828.1",185240
121801,"CP021828.1","S","A","270-C13-EPS+-34","CP021828.1",190350
131243,"CP021827.1","S","G","270-C13-EPS+-34","CP021827.1",206.37
131252,"CP021827.1","S","C","270-C13-EPS+-34","CP021827.1",523.37
131261,"CP021827.1","S","G","270-C13-EPS+-34","CP021827.1",678.37
131273,"CP021827.1","S","C","270-C13-EPS+-34","CP021827.1",403.37
131279,"CP021827.1","S","C","270-C13-EPS+-34","CP021827.1",352.37
131282,"CP021827.1","S","G","270-C13-EPS+-34","CP021827.1",263.37
131284,"CP021827.1","S","C","270-C13-EPS+-34","CP021827.1",308.37
131297,"CP021827.1","S","G","270-C13-EPS+-34","CP021827.1",1878.37
131300,"CP021827.1","S","C","270-C13-EPS+-34","CP021827.1",593.37
131303,"CP021827.1","S","T","270-C13-EPS+-34","CP021827.1",569.37
131330,"CP021827.1","S","G","270-C13-EPS+-34","CP021827.1",354.37
131339,"CP021827.1","S","C","270-C13-EPS+-34","CP021827.1",253.37
131465,"CP021827.1","S","G","270-C13-EPS+-34","CP021827.1",477.37
131486,"CP021827.1","S","G","270-C13-EPS+-34","CP021827.1",599.37
131495,"CP021827.1","S","G","270-C13-EPS+-34","CP021827.1",478.37
134325,"CP021827.1","S","C","270-C13-EPS+-34","CP021827.1",170.37
143286,"CP021828.1","S","G","267-P06-EPS--40","CP021828.1",629.37
159084,"CP021828.1","S","G","270-C13-EPS+-34","CP021828.1",586.37
164785,"CP021828.1","S","C","279-T10.1-EPS+-20","CP021828.1",939.37
165013,"CP021828.1","S","A","270-A01-EPS--31","CP021828.1",31.37
183468,"CP021828.1","S","A","270-C13-EPS+-34","CP021828.1",127523
189201,"CP021827.1","S","G","270-C13-EPS+-34","CP021827.1",699.37
195359,"CP021828.1","S","G","270-C13-EPS+-34","CP021828.1",151145
199598,"CP021828.1","S","C","267-H01-EPS+-9","CP021828.1",2203.37
201715,"CP021828.1","S","A","267-O12-EPS+-22","CP021828.1",4414.37
217798,"CP021827.1","S","A","270-C13-EPS+-34","CP021827.1",254939
221637,"CP021828.1","S","AAT","267-F05-EPS--32","CP021828.1",82072.1
225135,"CP021828.1","S","A","267-P06-EPS--40","CP021828.1",222051
226433,"CP021828.1","S","G","270-C13-EPS+-34","CP021828.1",174132
227497,"CP021828.1","S","G","270-C13-EPS+-34","CP021828.1",207480
227501,"CP021828.1","S","C","270-C13-EPS+-34","CP021828.1",202973
227902,"CP021828.1","S","G","313-A09.2-EPS+-7","CP021828.1",1481.37
227910,"CP021828.1","S","C","270-T06.2-EPS--8","CP021828.1",147.37
228676,"CP021828.1","S","G","267-O12-EPS+-22","CP021828.1",124.37
228680,"CP021828.1","S","T","279-T10.2-EPS+-37","CP021828.1",1429.37
234423,"CP021827.1","S","C","270-C13-EPS+-34","CP021827.1",143336
236559,"CP021827.1","S","C","270-C13-EPS+-34","CP021827.1",169446
242639,"CP021828.1","S","G","279-T10.1-EPS+-20","CP021828.1",2015.52
244068,"CP021828.1","S","C","270-C13-EPS+-34","CP021828.1",164782
244837,"CP021827.1","S","C","313-D09-EPS--17","CP021827.1",2584.37
256845,"CP021828.1","S","C","anc1022_2-1","CP021828.1",76496.2
257621,"CP021828.1","S","T","313-M10-EPS+-23","CP021828.1",2547.37
257622,"CP021828.1","S","G","313-D09-EPS--17","CP021828.1",3568.37
257627,"CP021828.1","S","A","279-H11.1-EPS+-16","CP021828.1",43.37
257628,"CP021828.1","S","A","267-H01-EPS+-9","CP021828.1",799.37
258332,"CP021828.1","S","C","270-C13-EPS+-34","CP021828.1",118361
260586,"CP021828.1","S","G","270-C13-EPS+-34","CP021828.1",186020
260862,"CP021828.1","S","G","270-C13-EPS+-34","CP021828.1",180683
267104,"CP021828.1","S","G","267-P06-EPS--40","CP021828.1",173225
277342,"CP021828.1","S","G","270-C13-EPS+-34","CP021828.1",767.37
277353,"CP021828.1","S","A","270-C13-EPS+-34","CP021828.1",133794
277365,"CP021828.1","S","C","270-C13-EPS+-34","CP021828.1",666.37
278218,"CP021828.1","S","A","270-C13-EPS+-34","CP021828.1",108.37
283862,"CP021827.1","S","G","270-C13-EPS+-34","CP021827.1",70075.7
283870,"CP021827.1","S","G","270-C13-EPS+-34","CP021827.1",70665.7
284713,"CP021828.1","S","G","anc1022_1-3","CP021828.1",331.37
284979,"CP021828.1","S","G","270-C13-EPS+-34","CP021828.1",33.37
284988,"CP021828.1","S","A","270-C13-EPS+-34","CP021828.1",33.37
285003,"CP021828.1","S","A","279-H11.2-EPS+-21","CP021828.1",140.52
285004,"CP021828.1","S","T","anc1022_2-1","CP021828.1",49.39
285178,"CP021828.1","S","C","270-D01-EPS+-36","CP021828.1",85183.7
288079,"CP021828.1","S","T","279-B13.3-EPS--38","CP021828.1",72.37
290553,"CP021828.1","S","T","313-M10-EPS+-23","CP021828.1",1210.37
291896,"CP021828.1","S","G","313-A09.1-EPS+-3","CP021828.1",30.37
296268,"CP021828.1","S","G","anc1022_2-1","CP021828.1",297.37
296789,"CP021828.1","S","G","270-I03-EPS+-13","CP021828.1",3318.37
297101,"CP021828.1","S","T","279-P09.2-EPS--30","CP021828.1",1500.37
297104,"CP021828.1","S","C","313-M10-EPS+-23","CP021828.1",2370.37
299114,"CP021827.1","S","C","270-C13-EPS+-34","CP021827.1",202223
299793,"CP021827.1","S","T","270-C13-EPS+-34","CP021827.1",178151
299797,"CP021827.1","S","G","270-C13-EPS+-34","CP021827.1",164896
299800,"CP021827.1","S","C","270-C13-EPS+-34","CP021827.1",173334
301533,"CP021828.1","S","T","anc1022_1-3","CP021828.1",104.38
301610,"CP021828.1","S","G","270-D01-EPS+-36","CP021828.1",51698.1
309066,"CP021828.1","S","A","270-C13-EPS+-34","CP021828.1",714.37
311170,"CP021828.1","S","A","270-C13-EPS+-34","CP021828.1",363.37
311172,"CP021828.1","S","G","270-C13-EPS+-34","CP021828.1",1009.37
326467,"CP021828.1","S","C","270-C13-EPS+-34","CP021828.1",416.37
329745,"CP021827.1","S","G","270-C13-EPS+-34","CP021827.1",127871
329890,"CP021828.1","S","C","270-C13-EPS+-34","CP021828.1",215033
329899,"CP021828.1","S","C","270-C13-EPS+-34","CP021828.1",211644
333316,"CP021828.1","S","G","270-C13-EPS+-34","CP021828.1",144574
336776,"CP021827.1","S","C","270-C13-EPS+-34","CP021827.1",200749
351025,"CP021828.1","S","C","270-C13-EPS+-34","CP021828.1",1057.37
351027,"CP021828.1","S","T","270-C13-EPS+-34","CP021828.1",1057.37
351034,"CP021828.1","S","G","270-C13-EPS+-34","CP021828.1",1020.37
352339,"CP021827.1","S","G","267-F05-EPS--32","CP021827.1",311.37
357731,"CP021828.1","S","C","270-C13-EPS+-34","CP021828.1",207501
357743,"CP021828.1","S","C","270-C13-EPS+-34","CP021828.1",197014
360931,"CP021828.1","S","G","anc1022_1-3","CP021828.1",68438.9
364954,"CP021828.1","S","G","276-F06-EPS+-10","CP021828.1",117.37
364963,"CP021828.1","S","A","276-F06-EPS+-10","CP021828.1",1062.68
364972,"CP021828.1","S","G","276-F06-EPS+-10","CP021828.1",1422.85
365012,"CP021828.1","S","G","276-F06-EPS+-10","CP021828.1",1522.37
365014,"CP021828.1","S","T","276-F06-EPS+-10","CP021828.1",216443
365020,"CP021828.1","S","G","276-F06-EPS+-10","CP021828.1",252.52
365023,"CP021828.1","S","C","276-F06-EPS+-10","CP021828.1",1692.43
365179,"CP021828.1","S","A","270-C13-EPS+-34","CP021828.1",72.37
365184,"CP021828.1","S","T","270-C13-EPS+-34","CP021828.1",72.37
365674,"CP021828.1","S","A","313-A09.2-EPS+-7","CP021828.1",339.72
365814,"CP021828.1","S","G","279-B13.3-EPS--38","CP021828.1",432.52
387593,"CP021827.1","S","T","270-I03-EPS+-13","CP021827.1",819.37
387594,"CP021827.1","S","T","267-R09-EPS+-1","CP021827.1",810.37
387596,"CP021827.1","S","A","279-P09.2-EPS--30","CP021827.1",613.37
392924,"CP021827.1","S","TAG","anc1022_2-2","CP021827.1",135374
396520,"CP021827.1","S","G","270-C13-EPS+-34","CP021827.1",185569
401560,"CP021827.1","S","T","279-P09.1-EPS--35","CP021827.1",3267.37
435367,"CP021827.1","S","C","270-S02-EPS+-4","CP021827.1",76.37
435374,"CP021827.1","S","G","276-F06-EPS+-10","CP021827.1",441.52
441814,"CP021827.1","S","G","270-C13-EPS+-34","CP021827.1",284182
441820,"CP021827.1","S","C","270-C13-EPS+-34","CP021827.1",275282
450348,"CP021825.1","S","G","267-P06-EPS--40","CP021825.1",572.37
451642,"CP021827.1","S","G","270-D01-EPS+-36","CP021827.1",48097.2
459992,"CP021828.1","S","A","270-C13-EPS+-34","CP021828.1",183255
465558,"CP021825.1","S","C","270-C13-EPS+-34","CP021825.1",537.37
474095,"CP021827.1","S","G","270-C13-EPS+-34","CP021827.1",46807.1
534093,"CP021828.1","S","A","267-P06-EPS--40","CP021828.1",644.37
550850,"CP021827.1","S","T","313-D09-EPS--17","CP021827.1",3118.37
551638,"CP021827.1","S","C","267-H01-EPS+-9","CP021827.1",42.37
551719,"CP021827.1","S","G","270-C13-EPS+-34","CP021827.1",192039
551739,"CP021827.1","S","T","270-C13-EPS+-34","CP021827.1",205812
551748,"CP021827.1","S","G","270-C13-EPS+-34","CP021827.1",209613
554773,"CP021827.1","S","C","270-C13-EPS+-34","CP021827.1",240693
555331,"CP021827.1","S","C","270-C13-EPS+-34","CP021827.1",176136
555335,"CP021827.1","S","A","270-C13-EPS+-34","CP021827.1",182212
556364,"CP021827.1","S","A","267-H01-EPS+-9","CP021827.1",137.37
586811,"CP021827.1","S","G","279-P09.1-EPS--35","CP021827.1",807.37
586816,"CP021827.1","S","A","279-P09.1-EPS--35","CP021827.1",676.37
586855,"CP021827.1","S","G","279-P09.1-EPS--35","CP021827.1",185.37
595042,"CP021827.1","S","T","270-I03-EPS+-13","CP021827.1",671.37
595046,"CP021827.1","S","T","279-F02-EPS--11","CP021827.1",261.68
597166,"CP021827.1","S","G","279-F02-EPS--11","CP021827.1",1695.37
597168,"CP021827.1","S","C","313-D09-EPS--17","CP021827.1",2700.37
597169,"CP021827.1","S","T","279-H11.2-EPS+-21","CP021827.1",2730.37
606287,"CP021827.1","S","T","267-R09-EPS+-1","CP021827.1",1392.37
615744,"CP021825.1","S","A","270-C13-EPS+-34","CP021825.1",281.37
626146,"CP021828.1","S","C","313-A09.2-EPS+-7","CP021828.1",218
661972,"CP021828.1","S","G","267-P06-EPS--40","CP021828.1",51.37
662866,"CP021827.1","S","G","270-C13-EPS+-34","CP021827.1",143338
698984,"CP021827.1","S","C","313-Q08-EPS--28","CP021827.1",127.37
702837,"CP021828.1","S","A","270-C13-EPS+-34","CP021828.1",93.37
704325,"CP021827.1","S","A","anc1022_1-2","CP021827.1",95.47
705170,"CP021827.1","S","C","270-D01-EPS+-36","CP021827.1",52148.2
707206,"CP021825.1","S","AAAC","267-P06-EPS--40","CP021825.1",927.41
707655,"CP021827.1","S","T","270-C13-EPS+-34","CP021827.1",171.43
708056,"CP021827.1","S","C","276-R11-EPS--15","CP021827.1",31.37
708528,"CP021827.1","S","C","267-F05-EPS--32","CP021827.1",92.61
709955,"CP021827.1","S","C","270-C13-EPS+-34","CP021827.1",167113
709956,"CP021827.1","S","G","270-C13-EPS+-34","CP021827.1",169926
712651,"CP021827.1","S","G","313-A09.1-EPS+-3","CP021827.1",7276.37
735682,"CP021827.1","S","A","313-D09-EPS--17","CP021827.1",3258.52
741882,"CP021827.1","S","C","270-C13-EPS+-34","CP021827.1",1003.37
746372,"CP021828.1","S","CT","279-B13.3-EPS--38","CP021828.1",1299.41
748447,"CP021827.1","S","G","279-B13.3-EPS--38","CP021827.1",1536.37
777742,"CP021827.1","S","G","267-P06-EPS--40","CP021827.1",135.52
781174,"CP021827.1","S","A","270-S02-EPS+-4","CP021827.1",2177.37
793199,"CP021827.1","S","G","anc1022_2-1","CP021827.1",72.37
793209,"CP021827.1","S","T","anc1022_2-1","CP021827.1",72.52
793227,"CP021827.1","S","G","anc1022_2-1","CP021827.1",196.68
793242,"CP021827.1","S","A","anc1022_2-1","CP021827.1",160.68
793248,"CP021827.1","S","T","anc1022_2-1","CP021827.1",258.68
793511,"CP021827.1","S","CGA","279-P09.1-EPS--35","CP021827.1",50.56
793512,"CP021827.1","S","A","279-P09.1-EPS--35","CP021827.1",50.37
798647,"CP021825.1","S","G","270-C13-EPS+-34","CP021825.1",720.37
798656,"CP021825.1","S","C","270-C13-EPS+-34","CP021825.1",643.37
825877,"CP021827.1","S","G","270-C13-EPS+-34","CP021827.1",182075
831243,"CP021827.1","S","C","270-C13-EPS+-34","CP021827.1",178370
868379,"CP021827.1","S","A","270-C13-EPS+-34","CP021827.1",196444
868435,"CP021827.1","S","G","270-C13-EPS+-34","CP021827.1",564.37
868443,"CP021827.1","S","G","270-C13-EPS+-34","CP021827.1",505.37
869605,"CP021827.1","S","C","270-C13-EPS+-34","CP021827.1",132599
898481,"CP021828.1","S","G","267-D11-EPS--27","CP021828.1",162.38
898483,"CP021828.1","S","T","267-D11-EPS--27","CP021828.1",432.37
918633,"CP021827.1","S","G","270-C13-EPS+-34","CP021827.1",137877
931100,"CP021825.1","S","T","270-C13-EPS+-34","CP021825.1",1067.37
931101,"CP021825.1","S","G","270-C13-EPS+-34","CP021825.1",1067.37
942611,"CP021825.1","S","C","270-C13-EPS+-34","CP021825.1",414.37
948671,"CP021827.1","S","G","270-C13-EPS+-34","CP021827.1",126499
963045,"CP021827.1","S","C","270-C13-EPS+-34","CP021827.1",158187
986581,"CP021828.1","S","C","270-C13-EPS+-34","CP021828.1",960.37
989421,"CP021828.1","S","T","276-R11-EPS--15","CP021828.1",655.37
995042,"CP021828.1","S","T","270-D01-EPS+-36","CP021828.1",118.37
995375,"CP021828.1","S","C","anc1022_1-3","CP021828.1",36.37
995378,"CP021828.1","S","C","anc1022_1-3","CP021828.1",81.37
995392,"CP021828.1","S","TA","anc1022_1-3","CP021828.1",162.41
995416,"CP021828.1","S","T","279-B13.3-EPS--38","CP021828.1",273.37
995889,"CP021825.1","S","G","270-C13-EPS+-34","CP021825.1",30.37
995901,"CP021825.1","S","G","270-C13-EPS+-34","CP021825.1",233.37
996258,"CP021825.1","S","A","270-C13-EPS+-34","CP021825.1",660.37
996264,"CP021825.1","S","T","270-C13-EPS+-34","CP021825.1",822.37
998016,"CP021825.1","S","C","270-C13-EPS+-34","CP021825.1",709.37
998017,"CP021825.1","S","G","270-C13-EPS+-34","CP021825.1",709.37
999907,"CP021828.1","S","T","276-R11-EPS--15","CP021828.1",1187.37
999908,"CP021828.1","S","G","276-R11-EPS--15","CP021828.1",1187.37
1009421,"CP021827.1","S","T","279-H11.1-EPS+-16","CP021827.1",318.52
1014149,"CP021827.1","S","C","anc1022_2-2","CP021827.1",31.37
1026098,"CP021825.1","S","C","270-C13-EPS+-34","CP021825.1",424.37
1026157,"CP021825.1","S","G","270-C13-EPS+-34","CP021825.1",550.37
1026161,"CP021825.1","S","C","270-C13-EPS+-34","CP021825.1",660.37
1038507,"CP021825.1","S","G","267-F05-EPS--32","CP021825.1",73.37
1048332,"CP021828.1","S","C","270-C13-EPS+-34","CP021828.1",148236
1051060,"CP021827.1","S","C","270-C13-EPS+-34","CP021827.1",92.37
1051065,"CP021827.1","S","C","270-C13-EPS+-34","CP021827.1",92.37
1051069,"CP021827.1","S","C","270-C13-EPS+-34","CP021827.1",117.37
1051072,"CP021827.1","S","C","270-C13-EPS+-34","CP021827.1",117.37
1051075,"CP021827.1","S","C","270-C13-EPS+-34","CP021827.1",567.37
1051081,"CP021827.1","S","C","270-C13-EPS+-34","CP021827.1",567.37
1051090,"CP021827.1","S","C","270-C13-EPS+-34","CP021827.1",477.37
1051093,"CP021827.1","S","G","270-C13-EPS+-34","CP021827.1",477.37
1051099,"CP021827.1","S","G","270-C13-EPS+-34","CP021827.1",387.37
1051105,"CP021827.1","S","C","270-C13-EPS+-34","CP021827.1",342.37
1051108,"CP021827.1","S","G","270-C13-EPS+-34","CP021827.1",297.37
1060521,"CP021828.1","S","A","270-C13-EPS+-34","CP021828.1",119386
1068858,"CP021828.1","S","T","270-C13-EPS+-34","CP021828.1",136265
1068874,"CP021828.1","S","G","270-C13-EPS+-34","CP021828.1",126552
1068876,"CP021828.1","S","T","270-C13-EPS+-34","CP021828.1",120456
1072527,"CP021827.1","S","C","270-C13-EPS+-34","CP021827.1",171.37
1097001,"CP021827.1","S","A","270-D01-EPS+-36","CP021827.1",566.37
1123939,"CP021828.1","S","G","270-C13-EPS+-34","CP021828.1",1134.37
1123945,"CP021828.1","S","G","270-C13-EPS+-34","CP021828.1",1255.37
1124377,"CP021827.1","S","C","276-F06-EPS+-10","CP021827.1",6327.37
1124379,"CP021827.1","S","G","270-I03-EPS+-13","CP021827.1",4254.37
1128158,"CP021827.1","S","C","270-S02-EPS--2","CP021827.1",90.38
1129386,"CP021827.1","S","T","270-N10-EPS+-26","CP021827.1",2517.37
1129931,"CP021827.1","S","C","270-C13-EPS+-34","CP021827.1",185351
1129946,"CP021827.1","S","C","270-C13-EPS+-34","CP021827.1",188151
1132056,"CP021827.1","S","C","279-H11.1-EPS+-16","CP021827.1",61.53
1132346,"CP021827.1","S","C","313-A09.1-EPS+-3","CP021827.1",72.37
1132348,"CP021827.1","S","G","313-A09.1-EPS+-3","CP021827.1",72.37
1132351,"CP021827.1","S","C","313-A09.1-EPS+-3","CP021827.1",72.37
1132352,"CP021827.1","S","T","313-A09.1-EPS+-3","CP021827.1",72.37
1133323,"CP021827.1","S","C","267-O12-EPS+-22","CP021827.1",2232.52
1135363,"CP021827.1","S","G","270-C13-EPS+-34","CP021827.1",142629
1136843,"CP021825.1","S","G","270-C13-EPS+-34","CP021825.1",1246.37
1136846,"CP021825.1","S","C","270-C13-EPS+-34","CP021825.1",1167.37
1136858,"CP021825.1","S","G","270-C13-EPS+-34","CP021825.1",1091.37
1136859,"CP021825.1","S","C","270-C13-EPS+-34","CP021825.1",1046.37
1138398,"CP021827.1","S","C","270-C13-EPS+-34","CP021827.1",747.37
1138416,"CP021827.1","S","GATC","270-C13-EPS+-34","CP021827.1",927.41
1138417,"CP021827.1","S","A","270-C13-EPS+-34","CP021827.1",927.37
1138419,"CP021827.1","S","G","270-C13-EPS+-34","CP021827.1",952.37
1138425,"CP021827.1","S","C","270-C13-EPS+-34","CP021827.1",1029.37
1155921,"CP021828.1","S","T","270-C13-EPS+-34","CP021828.1",89.37
1155923,"CP021828.1","S","G","270-C13-EPS+-34","CP021828.1",89.37
1155933,"CP021828.1","S","C","270-C13-EPS+-34","CP021828.1",115.37
1159798,"CP021825.1","S","G","270-C13-EPS+-34","CP021825.1",309.37
1172824,"CP021827.1","S","G","267-F05-EPS--32","CP021827.1",91.37
1173479,"CP021827.1","S","C","270-D01-EPS+-36","CP021827.1",36.85
1173481,"CP021827.1","S","A","270-D01-EPS+-36","CP021827.1",37
1173521,"CP021827.1","S","T","270-D01-EPS+-36","CP021827.1",386.86
1173535,"CP021827.1","S","C","270-D01-EPS+-36","CP021827.1",375.37
1177294,"CP021825.1","S","C","267-P06-EPS--40","CP021825.1",486.37
1195851,"CP021828.1","S","C","270-C13-EPS+-34","CP021828.1",126776
1201797,"CP021827.1","S","T","anc1022_1-2","CP021827.1",157.37
1201798,"CP021827.1","S","G","anc1022_1-2","CP021827.1",157.37
1215815,"CP021828.1","S","C","270-C13-EPS+-34","CP021828.1",936.37
1215818,"CP021828.1","S","G","270-C13-EPS+-34","CP021828.1",936.37
1217709,"CP021828.1","S","A","279-F02-EPS--11","CP021828.1",934.37
1237765,"CP021827.1","S","G","270-D01-EPS+-36","CP021827.1",365.52
1237774,"CP021827.1","S","A","270-D01-EPS+-36","CP021827.1",342.37
1237777,"CP021827.1","S","A","270-D01-EPS+-36","CP021827.1",297.37
1237780,"CP021827.1","S","C","270-D01-EPS+-36","CP021827.1",297.39
1237792,"CP021827.1","S","C","270-D01-EPS+-36","CP021827.1",211.37
1237798,"CP021827.1","S","G","270-D01-EPS+-36","CP021827.1",211.37
1237803,"CP021827.1","S","T","270-D01-EPS+-36","CP021827.1",247.37
1238202,"CP021827.1","S","G","279-B13.3-EPS--38","CP021827.1",195.52
1238203,"CP021827.1","S","A","279-B13.3-EPS--38","CP021827.1",195.37
1238205,"CP021827.1","S","T","279-B13.3-EPS--38","CP021827.1",384.37
1251618,"CP021827.1","S","A","279-T10.2-EPS+-37","CP021827.1",788.37
1251755,"CP021827.1","S","G","267-D11-EPS--27","CP021827.1",117.52
1251850,"CP021827.1","S","A","270-D01-EPS+-36","CP021827.1",72.37
1251870,"CP021827.1","S","G","270-D01-EPS+-36","CP021827.1",207.37
1252176,"CP021827.1","S","AGGTCACTGCGCTGAT","279-B13.3-EPS--38","CP021827.1",42.41
1252207,"CP021827.1","S","T","279-B13.3-EPS--38","CP021827.1",447.37
1252210,"CP021827.1","S","T","279-B13.3-EPS--38","CP021827.1",412.37
1252213,"CP021827.1","S","A","279-B13.3-EPS--38","CP021827.1",207.37
1256245,"CP021828.1","S","G","270-C13-EPS+-34","CP021828.1",98738.1
1257442,"CP021828.1","S","G","270-C13-EPS+-34","CP021828.1",135196
1265165,"CP021828.1","S","G","270-C13-EPS+-34","CP021828.1",135938
1272215,"CP021828.1","S","C","270-C13-EPS+-34","CP021828.1",182952
1279078,"CP021827.1","S","C","267-O12-EPS+-22","CP021827.1",3912.37
1280255,"CP021828.1","S","G","270-C13-EPS+-34","CP021828.1",181555
1280261,"CP021828.1","S","G","270-C13-EPS+-34","CP021828.1",194492
1295086,"CP021828.1","S","G","267-R09-EPS+-1","CP021828.1",827.37
1322284,"CP021828.1","S","G","267-F05-EPS--32","CP021828.1",79585.1
1322306,"CP021828.1","S","T","267-F05-EPS--32","CP021828.1",67883.1
1322316,"CP021828.1","S","A","267-F05-EPS--32","CP021828.1",61518.1
1322387,"CP021828.1","S","GT","267-F05-EPS--32","CP021828.1",53529.1
1323030,"CP021828.1","S","T","279-B13.3-EPS--38","CP021828.1",55431.7
1332495,"CP021828.1","S","G","270-C13-EPS+-34","CP021828.1",95.37
1334168,"CP021828.1","S","G","270-C13-EPS+-34","CP021828.1",149875
1334599,"CP021828.1","S","C","270-C13-EPS+-34","CP021828.1",157152
1347635,"CP021825.1","S","C","270-C13-EPS+-34","CP021825.1",163294
1347641,"CP021825.1","S","G","270-C13-EPS+-34","CP021825.1",162838
1348479,"CP021825.1","S","A","270-C13-EPS+-34","CP021825.1",149529
1348498,"CP021825.1","S","C","270-C13-EPS+-34","CP021825.1",144515
1351617,"CP021828.1","S","A","270-C13-EPS+-34","CP021828.1",117666
1357407,"CP021825.1","S","G","267-H01-EPS+-9","CP021825.1",149.37
1358089,"CP021825.1","S","T","313-M10-EPS+-23","CP021825.1",297.37
1360086,"CP021825.1","S","T","270-C13-EPS+-34","CP021825.1",277468
1360099,"CP021825.1","S","G","270-C13-EPS+-34","CP021825.1",285275
1377141,"CP021825.1","S","A","279-B13.3-EPS--38","CP021825.1",653.37
1377144,"CP021825.1","S","T","279-B13.3-EPS--38","CP021825.1",619.37
1377149,"CP021825.1","S","G","279-B13.3-EPS--38","CP021825.1",86572.1
1377161,"CP021825.1","S","T","anc1022_1-3","CP021825.1",629.37
1377183,"CP021825.1","S","A","anc1022_1-3","CP021825.1",279.37
1377563,"CP021825.1","S","G","279-H11.2-EPS+-21","CP021825.1",71.37
1377565,"CP021825.1","S","TAATCGCTGGGCCGACGAAGGCGACGCCGAGACCATCACCAAGAAGATCAACGGCGGTAA","279-P09.1-EPS--35","CP021825.1",456.41
1377580,"CP021825.1","S","G","279-H11.2-EPS+-21","CP021825.1",334.37
1377582,"CP021825.1","S","T","279-H11.2-EPS+-21","CP021825.1",315.37
1377716,"CP021825.1","S","C","279-H11.2-EPS+-21","CP021825.1",444.68
1377764,"CP021825.1","S","G","279-H11.2-EPS+-21","CP021825.1",946.52
1377767,"CP021825.1","S","C","279-H11.2-EPS+-21","CP021825.1",661.52
1377803,"CP021825.1","S","G","279-H11.1-EPS+-16","CP021825.1",297.37
1377808,"CP021825.1","S","G","anc1022_1-1","CP021825.1",297.37
1377915,"CP021825.1","S","G","anc1022_2-1","CP021825.1",567.37
1377916,"CP021825.1","S","T","anc1022_2-1","CP021825.1",567.37
1377921,"CP021825.1","S","G","anc1022_2-1","CP021825.1",342.37
1377923,"CP021825.1","S","C","anc1022_2-1","CP021825.1",342.37
1377928,"CP021825.1","S","G","anc1022_2-1","CP021825.1",477.37
1377941,"CP021825.1","S","G","anc1022_2-1","CP021825.1",477.37
1377945,"CP021825.1","S","A","anc1022_2-1","CP021825.1",477.37
1377947,"CP021825.1","S","C","anc1022_2-1","CP021825.1",477.37
1377968,"CP021825.1","S","T","anc1022_2-1","CP021825.1",477.37
1382187,"CP021825.1","S","A","267-H01-EPS+-9","CP021825.1",1330.37
1432537,"CP021825.1","S","G","270-C13-EPS+-34","CP021825.1",122364
1444515,"CP021828.1","S","G","267-O12-EPS+-22","CP021828.1",3870.37
1521810,"CP021825.1","S","G","270-C13-EPS+-34","CP021825.1",272.37
1587817,"CP021828.1","S","C","270-C13-EPS+-34","CP021828.1",43.37
1611893,"CP021828.1","S","G","270-C13-EPS+-34","CP021828.1",393.37
1611897,"CP021828.1","S","C","270-C13-EPS+-34","CP021828.1",429.37
1614336,"CP021828.1","S","G","270-C13-EPS+-34","CP021828.1",789.37
1614366,"CP021828.1","S","C","270-C13-EPS+-34","CP021828.1",809.37
1614373,"CP021828.1","S","T","270-C13-EPS+-34","CP021828.1",772.37
1731802,"CP021825.1","S","T","267-P06-EPS--40","CP021825.1",682.37
1731814,"CP021825.1","S","T","267-P06-EPS--40","CP021825.1",775.37
1731816,"CP021825.1","S","C","267-P06-EPS--40","CP021825.1",775.37
1732485,"CP021825.1","S","C","276-R11-EPS--15","CP021825.1",72.56
1809992,"CP021825.1","S","T","270-C13-EPS+-34","CP021825.1",739.37
1809994,"CP021825.1","S","C","270-C13-EPS+-34","CP021825.1",739.37
1809996,"CP021825.1","S","G","270-C13-EPS+-34","CP021825.1",739.37
1877724,"CP021825.1","S","C","270-C13-EPS+-34","CP021825.1",995.37
1877730,"CP021825.1","S","C","270-C13-EPS+-34","CP021825.1",797.37
1877733,"CP021825.1","S","T","270-C13-EPS+-34","CP021825.1",842.37
1877736,"CP021825.1","S","G","270-C13-EPS+-34","CP021825.1",842.37
1877814,"CP021825.1","S","C","270-C13-EPS+-34","CP021825.1",1239.37
1879650,"CP021825.1","S","C","270-C13-EPS+-34","CP021825.1",1340.37
1879656,"CP021825.1","S","C","270-C13-EPS+-34","CP021825.1",1377.37
1879659,"CP021825.1","S","G","270-C13-EPS+-34","CP021825.1",1512.37
1879686,"CP021825.1","S","C","270-C13-EPS+-34","CP021825.1",1532.37
1879689,"CP021825.1","S","G","270-C13-EPS+-34","CP021825.1",1442.37
1879692,"CP021825.1","S","C","270-C13-EPS+-34","CP021825.1",1442.37
1879701,"CP021825.1","S","G","270-C13-EPS+-34","CP021825.1",1557.37
1898088,"CP021825.1","S","G","270-C13-EPS+-34","CP021825.1",1428.37
1898100,"CP021825.1","S","A","270-C13-EPS+-34","CP021825.1",2497.37
1898106,"CP021825.1","S","C","270-C13-EPS+-34","CP021825.1",2727.37
1898115,"CP021825.1","S","C","270-C13-EPS+-34","CP021825.1",2637.37
1898116,"CP021825.1","S","A","270-C13-EPS+-34","CP021825.1",2637.37
1898120,"CP021825.1","S","A","270-C13-EPS+-34","CP021825.1",2673.37
1999365,"CP021825.1","S","C","270-C13-EPS+-34","CP021825.1",421.37
2045273,"CP021825.1","S","A","270-C13-EPS+-34","CP021825.1",763.37
2112777,"CP021825.1","S","T","270-C13-EPS+-34","CP021825.1",342.37
2119961,"CP021825.1","S","G","270-C13-EPS+-34","CP021825.1",1280.37
2119971,"CP021825.1","S","G","270-C13-EPS+-34","CP021825.1",806.37
2119977,"CP021825.1","S","C","270-C13-EPS+-34","CP021825.1",483.37
2122011,"CP021825.1","S","A","270-C13-EPS+-34","CP021825.1",909.37
2122014,"CP021825.1","S","G","270-C13-EPS+-34","CP021825.1",926.37
2122017,"CP021825.1","S","C","270-C13-EPS+-34","CP021825.1",926.37
2122029,"CP021825.1","S","C","270-C13-EPS+-34","CP021825.1",1243.37
2122032,"CP021825.1","S","G","270-C13-EPS+-34","CP021825.1",1171.37
2122041,"CP021825.1","S","G","270-C13-EPS+-34","CP021825.1",991.37
2122046,"CP021825.1","S","A","270-C13-EPS+-34","CP021825.1",352.37
2226783,"CP021825.1","S","C","270-C13-EPS+-34","CP021825.1",62.37
2280801,"CP021825.1","S","T","270-C13-EPS+-34","CP021825.1",359.37
2280804,"CP021825.1","S","C","270-C13-EPS+-34","CP021825.1",359.37
2284826,"CP021825.1","S","T","270-C13-EPS+-34","CP021825.1",594.37
2402662,"CP021825.1","S","T","267-F05-EPS--32","CP021825.1",971.37
2520052,"CP021825.1","S","A","267-P06-EPS--40","CP021825.1",689.37
2612684,"CP021825.1","S","A","267-P06-EPS--40","CP021825.1",680.37
2613999,"CP021825.1","S","G","270-C13-EPS+-34","CP021825.1",505.37
2614728,"CP021825.1","S","T","270-C13-EPS+-34","CP021825.1",200.37
2817185,"CP021825.1","S","C","270-C13-EPS+-34","CP021825.1",1331.37
2817187,"CP021825.1","S","C","270-C13-EPS+-34","CP021825.1",1331.37
2817188,"CP021825.1","S","G","270-C13-EPS+-34","CP021825.1",1331.37
2839083,"CP021825.1","S","G","270-C13-EPS+-34","CP021825.1",1081.37
2928083,"CP021825.1","S","C","270-C13-EPS+-34","CP021825.1",612.37
2928092,"CP021825.1","S","G","270-C13-EPS+-34","CP021825.1",655.37
2946583,"CP021825.1","S","T","267-P06-EPS--40","CP021825.1",640.37
3002214,"CP021825.1","S","G","270-C13-EPS+-34","CP021825.1",96.37
3002216,"CP021825.1","S","G","270-C13-EPS+-34","CP021825.1",96.37
3002224,"CP021825.1","S","G","270-C13-EPS+-34","CP021825.1",121.37
3043873,"CP021825.1","S","C","270-C13-EPS+-34","CP021825.1",265.37
3054626,"CP021825.1","S","G","270-C13-EPS+-34","CP021825.1",1500.37
3054632,"CP021825.1","S","G","270-C13-EPS+-34","CP021825.1",1500.37
3054638,"CP021825.1","S","C","270-C13-EPS+-34","CP021825.1",1361.37
3054641,"CP021825.1","S","G","270-C13-EPS+-34","CP021825.1",1091.37
3054647,"CP021825.1","S","C","270-C13-EPS+-34","CP021825.1",1001.37
3054650,"CP021825.1","S","G","270-C13-EPS+-34","CP021825.1",1001.37
3054659,"CP021825.1","S","T","270-C13-EPS+-34","CP021825.1",880.37
3127971,"CP021825.1","S","G","270-C13-EPS+-34","CP021825.1",162066
3381054,"CP021825.1","S","C","270-C13-EPS+-34","CP021825.1",1377.37
3381057,"CP021825.1","S","G","270-C13-EPS+-34","CP021825.1",1377.37
3381060,"CP021825.1","S","G","270-C13-EPS+-34","CP021825.1",1377.37
3381063,"CP021825.1","S","C","270-C13-EPS+-34","CP021825.1",1642.37
3381069,"CP021825.1","S","G","270-C13-EPS+-34","CP021825.1",1732.37
3381090,"CP021825.1","S","G","270-C13-EPS+-34","CP021825.1",1437.37
3381095,"CP021825.1","S","T","270-C13-EPS+-34","CP021825.1",1343.37
3381099,"CP021825.1","S","G","270-C13-EPS+-34","CP021825.1",1253.37
3381102,"CP021825.1","S","C","270-C13-EPS+-34","CP021825.1",1287.37
3381104,"CP021825.1","S","A","270-C13-EPS+-34","CP021825.1",1242.37
3381110,"CP021825.1","S","C","270-C13-EPS+-34","CP021825.1",1287.37
3381117,"CP021825.1","S","C","270-C13-EPS+-34","CP021825.1",1197.37
3381123,"CP021825.1","S","G","270-C13-EPS+-34","CP021825.1",1062.37
3381132,"CP021825.1","S","A","270-C13-EPS+-34","CP021825.1",972.37
3381137,"CP021825.1","S","C","270-C13-EPS+-34","CP021825.1",792.37
3381138,"CP021825.1","S","G","270-C13-EPS+-34","CP021825.1",792.37
3381144,"CP021825.1","S","G","270-C13-EPS+-34","CP021825.1",702.37
3381153,"CP021825.1","S","C","270-C13-EPS+-34","CP021825.1",792.37
3381156,"CP021825.1","S","G","270-C13-EPS+-34","CP021825.1",428.37
3381159,"CP021825.1","S","G","270-C13-EPS+-34","CP021825.1",518.37
3438086,"CP021825.1","S","C","270-C13-EPS+-34","CP021825.1",144.37
3457370,"CP021825.1","S","T","270-C13-EPS+-34","CP021825.1",508.37
3626678,"CP021825.1","S","G","270-C13-EPS+-34","CP021825.1",1498.37
3626687,"CP021825.1","S","G","270-C13-EPS+-34","CP021825.1",1730.37
