"","ps","beta.shoot267","beta.shoot270","beta.shoot276","beta.shoot279","beta.shoot313","beta.shootall","beta.nod267","beta.nod270","beta.nod276","beta.nod279","beta.nod313","beta.nodall","beta.shoot267.FIsig","beta.shoot270.FIsig","beta.shoot276.FIsig","beta.shoot279.FIsig","beta.shoot313.FIsig","beta.shootall.FIsig","beta.nod267.FIsig","beta.nod270.FIsig","beta.nod276.FIsig","beta.nod279.FIsig","beta.nod313.FIsig","beta.nodall.FIsig"
"1",10624,-0.0261472,0.1802113,-0.03510398,-0.09492219,-0.127871,-0.05086508,0.1322917,0.08571908,-0.4606077,0.09353247,-0.2940035,-0.1594837,FALSE,FALSE,FALSE,FALSE,FALSE,FALSE,FALSE,FALSE,TRUE,FALSE,FALSE,FALSE
"2",218304,0.1737851,0.3946063,0.9033171,0.3950426,0.4265086,0.7776235,0.294424,0.4821311,0.86174,0.6455157,0.8663969,1.028365,FALSE,FALSE,FALSE,FALSE,FALSE,FALSE,FALSE,FALSE,FALSE,FALSE,FALSE,FALSE
"3",526844,0.3883029,0.2565347,0.12905,-0.1525725,0.3576305,0.3069492,0.2837871,0.2928314,0.6204052,0.2396426,0.6045064,0.6041326,FALSE,FALSE,FALSE,FALSE,FALSE,FALSE,FALSE,FALSE,FALSE,FALSE,FALSE,FALSE
"4",1038788,-0.1931388,0.1483916,0.1087003,-0.05844732,-0.09266321,-0.0446005,-0.275634,0.2082243,-0.05730658,0.02445512,-0.2383646,-0.1064104,FALSE,FALSE,FALSE,FALSE,FALSE,FALSE,FALSE,FALSE,FALSE,FALSE,FALSE,FALSE
"5",1038838,0.03697866,-0.0004575339,-0.1833328,-0.03666446,0.277818,-0.009814854,0.2594224,-0.2248386,0.07952222,-0.1532363,0.1350136,0.01836271,FALSE,FALSE,FALSE,FALSE,FALSE,FALSE,FALSE,FALSE,FALSE,FALSE,FALSE,FALSE
"6",1247320,-0.0337366,0.340427,-0.1749484,-0.7329507,0.05982629,-0.1140524,-0.4437112,0.438345,0.06223366,-0.8119573,0.1974656,-0.09112635,FALSE,FALSE,FALSE,FALSE,FALSE,FALSE,FALSE,FALSE,FALSE,FALSE,FALSE,FALSE
"7",1356055,0.1812754,-0.06444151,0.1150129,0.1572734,-0.2504966,-0.06605921,-0.2835159,0.1503109,-0.1609211,0.2034983,-0.3778439,-0.2060663,FALSE,FALSE,FALSE,FALSE,FALSE,FALSE,FALSE,FALSE,FALSE,FALSE,FALSE,FALSE
"8",1358090,0.2263891,-0.06645336,0.1255136,0.07934314,0.04923274,0.07525398,-0.004126427,0.06302423,0.3655775,0.3214606,0.3441601,0.2964816,FALSE,FALSE,FALSE,FALSE,FALSE,FALSE,FALSE,FALSE,FALSE,FALSE,FALSE,FALSE
"9",1358203,0.0008462259,0.1110814,0.03295015,0.119205,0.1296178,0.1325868,0.05846712,-0.06120503,0.148027,0.1180452,0.04043187,0.116616,FALSE,FALSE,FALSE,FALSE,FALSE,FALSE,FALSE,FALSE,FALSE,FALSE,FALSE,FALSE
"10",1360089,0.2100926,0.6718645,0.5135044,-0.2478328,0.1314579,0.4153499,0.9062727,0.1584282,0.8574666,0.6593571,-0.2388171,0.5948898,FALSE,FALSE,FALSE,FALSE,FALSE,FALSE,FALSE,FALSE,FALSE,FALSE,FALSE,FALSE
"11",1377217,0.3313551,-0.2505186,-0.1231704,0.4180732,-0.9706646,-0.04606685,0.03867886,-0.5639556,-0.7257958,0.4181682,-1.088572,-0.5250559,FALSE,FALSE,FALSE,FALSE,FALSE,FALSE,FALSE,FALSE,FALSE,FALSE,FALSE,FALSE
"12",1377263,0.1645947,-0.06693662,-0.3799606,0.1001911,-0.03350346,-0.1170767,0.05820574,-0.1203799,-0.1204785,0.1154171,0.1538464,-0.03289607,FALSE,FALSE,FALSE,FALSE,FALSE,FALSE,FALSE,FALSE,FALSE,FALSE,FALSE,FALSE
"13",1377284,0.5231087,0.4603187,-0.1135697,0.1924584,0.2791014,0.3796452,0.1058157,0.4164449,0.02477697,0.1655191,0.3068028,0.3275241,FALSE,FALSE,FALSE,FALSE,FALSE,FALSE,FALSE,FALSE,FALSE,FALSE,FALSE,FALSE
"14",1377293,0.387813,0.0925682,0.2699897,0.1603167,0.1543569,0.2415917,-0.01624388,0.2280162,0.05611479,0.03508235,0.2142889,0.1182675,FALSE,FALSE,FALSE,FALSE,FALSE,FALSE,FALSE,FALSE,FALSE,FALSE,FALSE,FALSE
"15",1377296,0.3043085,0.08212415,0.3346759,0.2335118,0.197633,0.2673123,-0.0542896,0.2375966,0.07246733,0.06733619,0.2623891,0.164663,FALSE,FALSE,FALSE,FALSE,FALSE,FALSE,FALSE,FALSE,FALSE,FALSE,FALSE,FALSE
"16",1377315,0.3437542,0.2675233,0.1367705,0.2466981,0.3035017,0.3426854,-0.01853829,0.4396923,0.02902496,0.09557704,0.24652,0.2930122,FALSE,FALSE,FALSE,FALSE,FALSE,FALSE,FALSE,FALSE,FALSE,FALSE,FALSE,FALSE
"17",1377395,0.2544842,-0.02778092,-0.4623803,-0.0410832,0.1331562,-0.06268907,0.2236501,-0.2106199,-0.6992537,-0.06428059,0.2296499,-0.11238,FALSE,FALSE,FALSE,FALSE,FALSE,FALSE,FALSE,FALSE,FALSE,FALSE,FALSE,FALSE
"18",1377398,1.285154,0.3518634,-0.6844701,-0.1214848,0.510142,0.4215089,0.8850911,0.7441287,-0.7958967,-0.09682122,0.4695589,0.4265056,FALSE,FALSE,FALSE,FALSE,FALSE,FALSE,FALSE,FALSE,FALSE,FALSE,FALSE,FALSE
"19",1377584,-0.003514242,0.09530961,0.1653739,-0.230053,0.2066632,0.04444625,-0.06842825,-0.1257269,0.2673135,0.01953629,-0.05905143,-0.04587542,FALSE,FALSE,FALSE,FALSE,FALSE,FALSE,FALSE,FALSE,FALSE,FALSE,FALSE,FALSE
"20",1377602,-0.1288616,-0.2041269,-0.2198296,-0.1975679,-0.04424439,-0.2771175,-0.2869714,-0.3583144,-0.06578112,-0.1014435,-0.115376,-0.3402434,FALSE,FALSE,FALSE,FALSE,FALSE,FALSE,FALSE,FALSE,FALSE,FALSE,FALSE,FALSE
"21",1377690,-0.2684472,-0.4073494,-0.7152242,-0.1795931,-0.1621901,-0.5790117,-0.1549032,-0.6408479,-0.3876815,-0.3666741,-0.1111155,-0.5673159,FALSE,FALSE,FALSE,FALSE,FALSE,FALSE,FALSE,FALSE,FALSE,FALSE,FALSE,FALSE
"22",1377704,0.1228978,-0.07724088,-0.0365176,0.02944571,-0.1672329,-0.05578315,0.1019039,-0.1131529,-0.02836414,0.03018886,0.02775701,-0.01681375,FALSE,FALSE,FALSE,FALSE,FALSE,FALSE,FALSE,FALSE,FALSE,FALSE,FALSE,FALSE
"23",1377749,0.2074855,-0.0713417,-0.08925634,0.1616979,0.04343371,0.1090919,-0.04662086,-0.5350766,-0.01478315,-0.07602479,-0.01522198,-0.1862262,FALSE,FALSE,FALSE,FALSE,FALSE,FALSE,FALSE,FALSE,FALSE,FALSE,FALSE,FALSE
"24",1377794,0.1391006,0.01063858,-0.1341721,-0.03150076,0.3008329,0.1194778,0.1215118,0.03585297,0.1287233,-0.1808011,0.3867533,0.1980684,FALSE,FALSE,FALSE,FALSE,FALSE,FALSE,FALSE,FALSE,FALSE,FALSE,FALSE,FALSE
"25",1377877,-0.08651771,-0.09420442,0.1702181,0.04630992,0.07946575,0.05551208,0.1693289,-0.1718245,0.3062426,-0.15078,0.2680849,0.1051825,FALSE,FALSE,FALSE,FALSE,FALSE,FALSE,FALSE,FALSE,FALSE,FALSE,FALSE,FALSE
"26",1732471,-0.2132103,-0.3379581,0.5599566,-0.1245301,0.2517333,-0.1305211,-0.2003774,-0.1608895,0.5355792,-0.1485689,0.126748,-0.1473783,FALSE,FALSE,FALSE,FALSE,FALSE,FALSE,FALSE,FALSE,FALSE,FALSE,FALSE,FALSE
"27",1732500,-0.2174898,-0.007300309,0.2043405,-0.2530365,0.6314962,0.08987275,-0.1581196,0.03533476,0.209487,-0.0655891,0.1217648,0.01133841,FALSE,FALSE,FALSE,FALSE,FALSE,FALSE,FALSE,FALSE,FALSE,FALSE,FALSE,FALSE
"28",1732515,0.2486371,0.2062859,0.09415396,0.01353163,0.5496108,0.2730107,0.07828425,0.2122597,-0.042789,0.02128672,0.3755939,0.223212,FALSE,FALSE,FALSE,FALSE,TRUE,FALSE,FALSE,FALSE,FALSE,FALSE,FALSE,FALSE
"29",1732521,0.1376967,0.1307076,0.07312018,0.07397091,0.5654858,0.2231477,-0.03646282,0.1947158,0.04348627,0.09038486,0.3694518,0.209515,FALSE,FALSE,FALSE,FALSE,TRUE,FALSE,FALSE,FALSE,FALSE,FALSE,FALSE,FALSE
"30",1732545,0.4071384,0.05985697,0.05674568,-0.1488783,0.4496552,0.1870922,0.3528972,0.1213561,-0.05242316,-0.1169163,0.2013252,0.1055657,FALSE,FALSE,FALSE,FALSE,TRUE,FALSE,FALSE,FALSE,FALSE,FALSE,FALSE,FALSE
"31",1732551,0.3119765,-0.02499786,0.07961803,-0.06502331,0.4208371,0.1478942,0.177906,-0.0007636208,-0.00773772,-0.1621379,0.2306933,0.03621813,FALSE,FALSE,FALSE,FALSE,FALSE,FALSE,FALSE,FALSE,FALSE,FALSE,FALSE,FALSE
"32",1732566,0.09475186,0.08153262,-0.1177488,0.04322623,0.318358,0.09027177,0.06409558,0.1450716,0.08149202,-0.05070483,0.05319248,0.07267262,FALSE,FALSE,FALSE,FALSE,FALSE,FALSE,FALSE,FALSE,FALSE,FALSE,FALSE,FALSE
"33",1732594,0.09864771,-0.05124323,0.09502474,-0.004321932,0.1706175,0.04317932,-0.1419475,-0.05069432,0.00543292,0.001453936,-0.01990829,-0.08126303,FALSE,FALSE,FALSE,FALSE,FALSE,FALSE,FALSE,FALSE,FALSE,FALSE,FALSE,FALSE
"34",1904758,-0.004113209,-0.3926038,0.1629069,0.2363521,-0.06470261,-0.09071523,-0.3324682,-0.3456414,-0.1260782,-0.1760889,0.04554596,-0.2968125,FALSE,FALSE,FALSE,FALSE,FALSE,FALSE,FALSE,FALSE,FALSE,FALSE,FALSE,FALSE
"35",143947,0.0194897,0.06877646,-0.1817307,-0.07442652,-0.05583094,-0.07493894,0.04326763,-0.000310149,-0.2285371,0.0397607,0.03162412,-0.007249146,FALSE,FALSE,FALSE,FALSE,FALSE,FALSE,FALSE,FALSE,FALSE,FALSE,FALSE,FALSE
"36",148361,0.368053,-0.362385,-0.2785364,0.1555262,-0.3743724,-0.1030844,-0.01528339,0.0207419,-0.4733947,0.02125559,-0.6626431,-0.30616,FALSE,FALSE,FALSE,FALSE,FALSE,FALSE,FALSE,FALSE,FALSE,FALSE,FALSE,FALSE
"37",12013,0.2203088,0.06110842,0.1970184,0.3509718,0.1451329,0.2647602,0.4597557,-0.07504572,0.02634845,0.2964203,0.1442123,0.2062894,FALSE,FALSE,FALSE,FALSE,FALSE,FALSE,TRUE,FALSE,FALSE,FALSE,FALSE,FALSE
"38",12058,0.2170294,0.01504423,0.0985301,0.2538934,0.02193983,0.1490821,0.4470008,-0.139131,-0.02413501,0.2262003,0.001372271,0.0945781,FALSE,FALSE,FALSE,FALSE,FALSE,FALSE,TRUE,FALSE,FALSE,FALSE,FALSE,FALSE
"39",16476,-0.1914125,0.08155362,0.02597442,-0.1509178,0.1113518,-0.05661272,-0.2336725,0.09086972,-0.104288,-0.03237525,0.134172,-0.02472919,FALSE,FALSE,FALSE,FALSE,FALSE,FALSE,FALSE,FALSE,FALSE,FALSE,FALSE,FALSE
"40",74787,0.2280435,0.3949056,0.1222765,-0.5027191,-0.05845193,0.06842187,0.2627605,0.5322095,-0.1159337,-0.1002442,-0.7046703,-0.05980159,FALSE,FALSE,FALSE,FALSE,FALSE,FALSE,FALSE,FALSE,FALSE,FALSE,FALSE,FALSE
"41",74828,-0.007241594,0.06993202,0.007858432,-0.1706842,0.05376719,-0.09425353,-0.3136051,0.1584888,0.01971284,0.03143287,-0.1188089,-0.09841313,FALSE,FALSE,FALSE,FALSE,FALSE,FALSE,FALSE,FALSE,FALSE,FALSE,FALSE,FALSE
"42",74859,0.188041,0.1200179,-0.06590519,-0.08495544,0.1016071,0.07897709,0.06916845,0.2970686,-0.008544373,-0.02144261,0.05804577,0.1341902,FALSE,FALSE,FALSE,FALSE,FALSE,FALSE,FALSE,FALSE,FALSE,FALSE,FALSE,FALSE
"43",74963,0.2366807,0.1923425,-0.2002006,0.1569279,0.2680034,0.1982323,0.1468685,0.2051662,0.04167937,-0.03475042,0.1165557,0.1577726,FALSE,FALSE,FALSE,FALSE,FALSE,FALSE,FALSE,FALSE,FALSE,FALSE,FALSE,FALSE
"44",74986,0.1323334,0.1374586,-0.1751415,-0.1556735,-0.07184391,0.004573063,-0.1543009,0.3828785,-0.1801222,-0.07815017,-0.604133,-0.16119,FALSE,FALSE,FALSE,FALSE,FALSE,FALSE,FALSE,FALSE,FALSE,FALSE,FALSE,FALSE
"45",109668,-0.3208237,-0.06558674,-0.2257539,0.263441,-0.1686057,-0.1197691,-0.03136845,-0.1306502,0.2191926,0.2654568,0.1679944,0.169155,FALSE,FALSE,FALSE,FALSE,FALSE,FALSE,FALSE,FALSE,FALSE,FALSE,FALSE,FALSE
"46",302275,0.3023774,0.2064485,-0.09277685,0.1771543,0.2184906,0.2552908,0.1723991,0.09620942,0.04841921,-0.03222039,0.1555483,0.1877794,FALSE,FALSE,FALSE,FALSE,FALSE,FALSE,FALSE,FALSE,FALSE,FALSE,FALSE,FALSE
"47",322944,-0.06659161,-0.7183374,0.5288197,0.06423881,0.2849794,-0.1664107,-0.05167961,-0.5567268,0.3251177,-0.1582158,0.4708399,-0.1716182,FALSE,TRUE,FALSE,FALSE,FALSE,FALSE,FALSE,FALSE,FALSE,FALSE,FALSE,FALSE
"48",322957,-0.08213536,-0.3300372,0.03854103,-0.3119117,0.07994219,-0.2155881,-0.2117502,-0.2158286,-0.01834653,-0.2848869,0.2575532,-0.1694162,FALSE,FALSE,FALSE,FALSE,FALSE,FALSE,FALSE,FALSE,FALSE,FALSE,FALSE,FALSE
"49",352369,0.1446541,0.3793382,0.5390264,-0.1367584,0.2289029,0.2898035,0.2158697,0.2802836,0.71398,0.1891314,-0.1197235,0.2808175,FALSE,FALSE,FALSE,FALSE,FALSE,FALSE,FALSE,FALSE,FALSE,FALSE,FALSE,FALSE
"50",352549,0.2352941,0.342367,-0.1987054,0.03731168,0.1473243,0.1955489,-0.03360783,0.1130153,-0.07125195,0.04943417,0.02207409,0.06114351,FALSE,FALSE,FALSE,FALSE,FALSE,FALSE,FALSE,FALSE,FALSE,FALSE,FALSE,FALSE
"51",352609,0.0759095,0.2296777,-0.07160263,-0.08003575,-0.1234168,0.002333046,-0.1774767,0.113178,-0.03837737,-0.01747908,-0.007075423,-0.01856622,FALSE,FALSE,FALSE,FALSE,FALSE,FALSE,FALSE,FALSE,FALSE,FALSE,FALSE,FALSE
"52",359548,0.03130665,0.383973,0.04631129,-0.08074177,0.3017898,0.1196704,0.2105119,0.1682705,0.1611979,0.02489397,0.1976257,0.2034908,FALSE,FALSE,FALSE,FALSE,FALSE,FALSE,FALSE,FALSE,FALSE,FALSE,FALSE,FALSE
"53",359571,0.1565745,0.2457742,0.08587328,0.07318829,0.1395064,0.1331741,0.04747318,0.231197,0.08610701,0.09574193,0.06846954,0.1109083,FALSE,FALSE,FALSE,FALSE,FALSE,FALSE,FALSE,FALSE,FALSE,FALSE,FALSE,FALSE
"54",359578,0.1644486,0.1809758,-0.009486252,-0.007452856,0.07789831,0.04485546,0.07333689,0.1878631,0.02419162,-0.00637421,0.04836399,0.06415784,FALSE,FALSE,FALSE,FALSE,FALSE,FALSE,FALSE,FALSE,FALSE,FALSE,FALSE,FALSE
"55",387590,-0.7944674,-0.5136449,-0.7128646,-0.6575466,-0.5025966,-0.8658093,-0.3746763,-0.4568541,-0.6956101,-0.7282677,0.1393261,-0.5934707,FALSE,FALSE,FALSE,FALSE,FALSE,FALSE,FALSE,FALSE,FALSE,FALSE,FALSE,FALSE
"56",392984,0.04378312,-0.4351991,0.1150791,0.3554413,-0.2827972,-0.2124017,-0.3367811,-0.1863536,0.09017729,0.3962631,0.06131833,-0.07497106,FALSE,FALSE,FALSE,FALSE,FALSE,FALSE,FALSE,FALSE,FALSE,FALSE,FALSE,FALSE
"57",399746,-0.1669489,0.209417,0.1059777,-0.02381077,0.1696056,0.03361779,0.04996863,0.03252608,-0.0559755,-0.1363161,0.05312243,-0.03535535,FALSE,FALSE,FALSE,FALSE,FALSE,FALSE,FALSE,FALSE,FALSE,FALSE,FALSE,FALSE
"58",418234,0.07746911,-0.3418288,-0.07754653,0.206258,-0.07288695,-0.03290615,0.4297119,-0.7059635,-0.2392939,-0.1754671,0.1089089,-0.1641229,FALSE,FALSE,FALSE,FALSE,FALSE,FALSE,FALSE,FALSE,FALSE,FALSE,FALSE,FALSE
"59",431565,-0.2362961,-0.3180204,-0.7484327,-0.2371085,-0.282305,-0.6617877,-0.192461,-0.5502216,-0.4248923,-0.3157823,-0.1575736,-0.5942713,FALSE,FALSE,FALSE,FALSE,FALSE,FALSE,FALSE,FALSE,FALSE,FALSE,FALSE,FALSE
"60",431583,-0.3048343,-0.1201856,-0.3848564,0.1527035,-0.09619843,-0.2614533,-0.1759093,-0.1436181,-0.1824769,-0.04167804,-0.03347263,-0.1757461,FALSE,FALSE,FALSE,FALSE,FALSE,FALSE,FALSE,FALSE,FALSE,FALSE,FALSE,FALSE
"61",431631,-0.2092274,-0.5590747,-0.2462881,-0.2734693,-0.363698,-0.6275413,0.1691711,-0.5405313,-0.4370698,-0.1828873,-0.3657211,-0.5687665,FALSE,FALSE,FALSE,FALSE,FALSE,FALSE,FALSE,FALSE,FALSE,FALSE,FALSE,FALSE
"62",431663,0.1050218,-0.2020568,-0.01882158,0.1210382,0.02004664,0.0561725,0.2344843,-0.2174576,0.1482628,0.2548772,-0.05600428,0.1022648,FALSE,FALSE,FALSE,FALSE,FALSE,FALSE,FALSE,FALSE,FALSE,FALSE,FALSE,FALSE
"63",431703,0.1086446,-0.06264556,0.0121866,0.1170788,0.1046226,0.0908029,0.1623861,-0.04565797,0.1361474,0.1946073,-0.1056979,0.07508151,FALSE,FALSE,FALSE,FALSE,FALSE,FALSE,FALSE,FALSE,FALSE,FALSE,FALSE,FALSE
"64",431760,0.03937873,-0.1165938,-0.2448844,0.09235168,0.04131354,-0.09183132,0.247575,-0.3270413,-0.02988733,0.231484,-0.0110187,-0.01323056,FALSE,FALSE,FALSE,FALSE,FALSE,FALSE,FALSE,FALSE,FALSE,FALSE,FALSE,FALSE
"65",431808,-0.2024447,0.2367948,-0.2224658,0.1254862,0.1802067,0.06362548,0.1659222,0.2245639,0.1296418,0.1219361,-0.09080649,0.1460663,FALSE,FALSE,FALSE,FALSE,FALSE,FALSE,FALSE,FALSE,FALSE,FALSE,FALSE,FALSE
"66",431838,-0.2063533,0.1124439,-0.1365813,0.09730838,-0.2611682,-0.1214821,0.3570652,0.2080763,0.2372759,0.1621461,-0.2953475,0.1504014,FALSE,FALSE,FALSE,FALSE,FALSE,FALSE,FALSE,FALSE,FALSE,FALSE,FALSE,FALSE
"67",431967,-0.1081372,0.05263649,0.06717072,-0.01101674,-0.1998278,-0.06268993,0.2315592,0.2834288,-0.06115886,-0.01892293,-0.1842987,0.03718208,FALSE,FALSE,FALSE,FALSE,FALSE,FALSE,FALSE,FALSE,FALSE,FALSE,FALSE,FALSE
"68",431968,-0.04864517,0.06037529,-0.1815669,-0.2103433,-0.3780627,-0.2476949,0.1937765,0.2896914,-0.3597042,-0.06135052,-0.583837,-0.2365124,FALSE,FALSE,FALSE,FALSE,FALSE,FALSE,FALSE,FALSE,FALSE,FALSE,FALSE,FALSE
"69",432981,-0.5711948,-0.4715227,-1.236004,-0.1851526,-0.6566552,-0.9541923,-0.2296655,-0.9152183,-0.6029613,-0.4082857,-0.5026301,-0.8783579,FALSE,FALSE,TRUE,FALSE,FALSE,FALSE,FALSE,FALSE,FALSE,FALSE,FALSE,TRUE
"70",444780,-0.01697818,-0.03023503,0.3712152,-0.1559756,0.1994341,0.1504792,-0.2313353,0.2478352,0.346436,0.0368562,-0.4397725,0.01907667,FALSE,FALSE,FALSE,FALSE,FALSE,FALSE,FALSE,FALSE,FALSE,FALSE,FALSE,FALSE
"71",452198,-0.4144795,0.04982291,0.1348933,-0.1874666,0.03892201,-0.07393358,-0.3266712,0.009907258,0.1226154,-0.1511448,0.1209449,-0.01904204,FALSE,FALSE,FALSE,FALSE,FALSE,FALSE,FALSE,FALSE,FALSE,FALSE,FALSE,FALSE
"72",471937,0.01911086,-0.4692615,0.006079894,-0.0971195,-0.3503128,-0.2197356,0.01621838,-0.4262091,0.01242591,-0.07196325,-0.319367,-0.2771823,FALSE,TRUE,FALSE,FALSE,FALSE,FALSE,FALSE,TRUE,FALSE,FALSE,FALSE,FALSE
"73",551651,0.1537287,-0.325965,-0.3300765,0.1825178,0.4401399,0.1806491,0.1233813,-0.3708157,0.0001616844,-0.6126269,0.3129356,-0.0472872,FALSE,FALSE,FALSE,FALSE,FALSE,FALSE,FALSE,FALSE,FALSE,FALSE,FALSE,FALSE
"74",554119,0.2017899,0.2164633,0.152667,0.2690699,0.3654388,0.3279373,0.111974,0.2132972,0.2864709,0.21037,0.2905187,0.3367581,FALSE,FALSE,FALSE,FALSE,TRUE,FALSE,FALSE,FALSE,FALSE,FALSE,FALSE,FALSE
"75",556422,0.1401455,0.09721169,-0.06386668,-0.08616998,-0.09604777,-0.002637851,0.3381002,0.06630428,0.01058121,0.08952998,-0.2373981,0.08389732,FALSE,FALSE,FALSE,FALSE,FALSE,FALSE,FALSE,FALSE,FALSE,FALSE,FALSE,FALSE
"76",586523,0.1340699,0.05295057,0.3956121,0.2163388,0.1301139,0.201131,0.04927842,0.09445932,0.1998444,0.303913,0.1907191,0.2172442,FALSE,FALSE,TRUE,FALSE,FALSE,FALSE,FALSE,FALSE,FALSE,FALSE,FALSE,FALSE
"77",586570,-0.1010452,-0.09957787,0.2878498,0.1914248,-0.1502699,0.0302257,-0.2338775,-0.03783883,0.2199227,0.1032431,-0.1414436,-0.04751555,FALSE,FALSE,FALSE,FALSE,FALSE,FALSE,FALSE,FALSE,FALSE,FALSE,FALSE,FALSE
"78",586637,0.08597375,0.3081342,0.0932973,0.3656674,0.2651736,0.2896632,0.08775071,0.1994049,0.1448799,0.4987308,0.2077282,0.3232538,FALSE,FALSE,FALSE,FALSE,FALSE,FALSE,FALSE,FALSE,FALSE,TRUE,FALSE,FALSE
"79",586673,0.1175059,0.2980331,0.2065899,0.4573069,0.3109981,0.3542994,0.2091645,0.2117707,0.1068747,0.5343906,0.2434596,0.3864503,FALSE,FALSE,FALSE,TRUE,FALSE,FALSE,FALSE,FALSE,FALSE,TRUE,FALSE,FALSE
"80",586713,0.2317367,0.5500554,0.1495059,0.1303906,0.2606221,0.3286623,0.6272239,0.2638,0.1719432,0.636557,0.2109856,0.5278641,FALSE,FALSE,FALSE,FALSE,FALSE,FALSE,FALSE,FALSE,FALSE,FALSE,FALSE,FALSE
"81",586790,0.4851696,0.2518215,-0.3109932,-0.4147382,0.2868032,0.05600419,0.05646739,0.4132064,-0.2931561,-0.4012562,0.3264496,0.06892315,FALSE,FALSE,FALSE,FALSE,FALSE,FALSE,FALSE,FALSE,FALSE,FALSE,FALSE,FALSE
"82",586819,0.5979025,-0.1143188,-0.2422881,0.07300876,0.241203,0.08926974,0.2146481,0.1668879,-0.3273683,0.03957765,0.3231624,0.1188263,FALSE,FALSE,FALSE,FALSE,FALSE,FALSE,FALSE,FALSE,FALSE,FALSE,FALSE,FALSE
"83",586831,0.7368619,-0.05438097,-0.3032928,0.1545366,0.120503,0.1013039,0.2651766,0.2923578,-0.3743907,0.1746047,0.2813401,0.188412,FALSE,FALSE,FALSE,FALSE,FALSE,FALSE,FALSE,FALSE,FALSE,FALSE,FALSE,FALSE
"84",595041,-0.2061303,0.2174955,0.6075327,0.265544,0.3045866,0.4301078,-0.09879971,0.2915645,0.4374184,0.7510895,0.5994937,0.6587586,FALSE,FALSE,FALSE,FALSE,FALSE,FALSE,FALSE,FALSE,FALSE,FALSE,FALSE,FALSE
"85",595043,0.1524334,-0.5850027,-0.3920978,-0.3375102,-1.069916,-0.5791961,0.09870806,-0.8386372,-0.2479176,0.1103555,-1.021207,-0.6118831,FALSE,FALSE,FALSE,FALSE,FALSE,FALSE,FALSE,FALSE,FALSE,FALSE,FALSE,FALSE
"86",596030,-0.30878,-0.04650344,0.3035504,0.4667325,-1.159808,-0.395445,-0.1679528,-0.3032644,-0.1065989,0.2595583,-1.046094,-0.7514075,FALSE,FALSE,FALSE,FALSE,TRUE,FALSE,FALSE,FALSE,FALSE,FALSE,FALSE,FALSE
"87",596707,-0.3080134,-0.009788541,-0.2660893,-0.2027621,-0.07723284,-0.3731201,-0.3499328,0.07298232,-0.2937827,-0.2942324,-0.06166556,-0.3508321,FALSE,FALSE,FALSE,FALSE,FALSE,FALSE,TRUE,FALSE,FALSE,FALSE,FALSE,FALSE
"88",606298,0.2448863,0.2618891,0.3492901,-0.2990666,0.7667833,0.4291365,-0.3786722,0.4480344,0.009526851,0.390766,-0.1931929,0.1128432,FALSE,FALSE,FALSE,FALSE,FALSE,FALSE,FALSE,FALSE,FALSE,FALSE,FALSE,FALSE
"89",639984,0.3764254,0.05996446,0.1378639,0.206673,0.04271657,0.179358,0.342447,0.1738373,-0.1717297,0.002228168,0.1133132,0.06524325,FALSE,FALSE,FALSE,FALSE,FALSE,FALSE,FALSE,FALSE,FALSE,FALSE,FALSE,FALSE
"90",640681,0.2231419,0.07865823,0.2324269,0.1745412,-0.01446585,0.161865,-0.01158655,0.05292538,0.1901716,0.3259622,-0.03966046,0.1205588,FALSE,FALSE,FALSE,FALSE,FALSE,FALSE,FALSE,FALSE,FALSE,FALSE,FALSE,FALSE
"91",661801,0.01799089,-0.05072858,0.1220057,0.1542761,-0.01926832,0.03748796,0.1643357,-0.1261838,0.2387951,0.2844052,0.02900093,0.1323016,FALSE,FALSE,FALSE,FALSE,FALSE,FALSE,FALSE,FALSE,FALSE,FALSE,FALSE,FALSE
"92",661862,-0.2113055,0.04863409,0.1077131,0.05051618,0.2571057,0.09729462,-0.002041543,-0.04275171,0.3289745,0.0893854,0.2740843,0.180684,FALSE,FALSE,FALSE,FALSE,FALSE,FALSE,FALSE,FALSE,FALSE,FALSE,FALSE,FALSE
"93",661985,0.06970785,-0.04617523,0.02202121,-0.08457651,0.2812995,0.04945004,-0.02160914,-0.1776019,0.05735215,0.00424509,0.1175345,-0.04377486,FALSE,FALSE,FALSE,FALSE,FALSE,FALSE,FALSE,FALSE,FALSE,FALSE,FALSE,FALSE
"94",662382,-0.3582704,-0.2201613,-0.1676637,-0.09281055,0.08847812,-0.2061275,-0.2660888,-0.2008444,0.003985634,-0.02035567,-0.1013804,-0.1860224,FALSE,FALSE,FALSE,FALSE,FALSE,FALSE,FALSE,FALSE,FALSE,FALSE,FALSE,FALSE
"95",662502,-0.1449824,0.01664678,-0.05468699,0.2180631,0.124127,0.08204623,-0.004652722,-0.05867593,0.2291619,0.2008835,-0.1751274,0.06245132,FALSE,FALSE,FALSE,FALSE,FALSE,FALSE,FALSE,FALSE,FALSE,FALSE,FALSE,FALSE
"96",662628,-0.4345386,-0.06169185,-0.04293903,0.4574374,-0.1775307,-0.1970303,-0.0009566621,-0.1436298,0.3562758,0.2229774,0.0109971,0.04083424,FALSE,FALSE,FALSE,FALSE,FALSE,FALSE,FALSE,FALSE,FALSE,FALSE,FALSE,FALSE
"97",663480,-0.0575997,-0.179661,0.08554604,0.2982752,0.352741,0.04215321,0.02104048,-0.1388718,0.334272,0.1065212,0.4519875,0.1608304,FALSE,FALSE,FALSE,FALSE,FALSE,FALSE,FALSE,FALSE,FALSE,FALSE,FALSE,FALSE
"98",663639,0.8199711,0.01287766,-0.1716464,0.1889971,0.1638786,0.2114525,0.3492055,0.3209926,-0.3396569,0.2233584,0.3047797,0.2814985,FALSE,FALSE,FALSE,FALSE,FALSE,FALSE,FALSE,FALSE,FALSE,FALSE,FALSE,FALSE
"99",702429,0.2574169,0.06748057,0.1766787,-0.08687805,0.3536967,0.1481415,-0.003994452,0.01086227,-0.04195414,0.1895649,0.2019932,0.06263458,FALSE,FALSE,FALSE,FALSE,FALSE,FALSE,FALSE,FALSE,FALSE,FALSE,FALSE,FALSE
"100",703232,-0.2574894,-0.5613035,0.637044,-0.6919859,-0.6542307,-0.4601374,0.3069703,-0.2936986,0.643471,-0.5422271,0.1402313,-0.05361589,FALSE,FALSE,FALSE,FALSE,FALSE,FALSE,FALSE,FALSE,FALSE,FALSE,FALSE,FALSE
"101",704259,0.0151847,0.3588461,0.2476521,-0.1394823,0.255167,0.2363076,0.07973161,0.3698792,0.1742849,-0.03498027,-0.07099348,0.1838605,FALSE,FALSE,FALSE,FALSE,FALSE,FALSE,FALSE,FALSE,FALSE,FALSE,FALSE,FALSE
"102",704277,-0.02324259,-0.01554495,0.2223242,-0.4751746,-0.01397318,-0.09158155,0.006055255,0.1848741,-0.3091817,-0.3722685,-0.4276192,-0.3166561,FALSE,FALSE,FALSE,FALSE,FALSE,FALSE,FALSE,FALSE,FALSE,FALSE,FALSE,FALSE
"103",704633,0.2647767,-0.157833,0.18104,-0.0953238,0.07947015,-0.02259002,0.03119139,0.07136741,0.0597892,-0.1316526,0.1753513,0.01390702,FALSE,FALSE,FALSE,FALSE,FALSE,FALSE,FALSE,FALSE,FALSE,FALSE,FALSE,FALSE
"104",705509,0.2512499,0.2098771,0.1797612,0.1645744,0.1049781,0.2638686,0.1245841,0.3985928,0.3033127,0.05595547,0.2485015,0.3467065,FALSE,FALSE,FALSE,FALSE,FALSE,FALSE,FALSE,FALSE,FALSE,FALSE,FALSE,FALSE
"105",707585,-0.0709617,0.04996776,-0.07547509,0.009542544,-0.1151881,-0.09549253,0.08502547,-0.03090848,-0.1096878,-0.08544178,-0.07579421,-0.09625885,FALSE,FALSE,FALSE,FALSE,FALSE,FALSE,FALSE,FALSE,FALSE,FALSE,FALSE,FALSE
"106",707754,-0.1024566,-0.1166937,0.2104163,-0.1534488,0.1393643,-0.06613194,0.1683976,-0.1817257,0.5410447,-0.05550805,0.2290941,0.1140743,FALSE,FALSE,FALSE,FALSE,FALSE,FALSE,FALSE,FALSE,TRUE,FALSE,FALSE,FALSE
"107",707844,0.06689278,-0.1323638,0.07789684,0.1016624,-0.07896802,-0.01913557,-0.2199599,-0.02225339,-0.1294706,0.02106734,0.04791548,-0.08433757,FALSE,FALSE,FALSE,FALSE,FALSE,FALSE,FALSE,FALSE,FALSE,FALSE,FALSE,FALSE
"108",708071,0.1120544,-0.2343351,0.01114549,-0.1234785,-0.02220829,-0.09146707,-0.08852886,-0.05386259,-0.05608318,-0.1412334,0.06141442,-0.1000992,FALSE,FALSE,FALSE,FALSE,FALSE,FALSE,FALSE,FALSE,FALSE,FALSE,FALSE,FALSE
"109",708380,-0.06659819,0.06795746,0.09773825,-0.269258,0.04443679,-0.03809671,0.03661698,0.08868095,-0.0742342,-0.1143727,0.0712492,0.01471115,FALSE,FALSE,FALSE,FALSE,FALSE,FALSE,FALSE,FALSE,FALSE,FALSE,FALSE,FALSE
"110",708434,0.1500232,0.1645343,0.005691092,0.1368754,-0.1522131,0.08958488,-0.06301211,-0.009150041,-0.2178791,0.2848644,-0.1630424,-0.02443118,FALSE,FALSE,FALSE,FALSE,FALSE,FALSE,FALSE,FALSE,FALSE,FALSE,FALSE,FALSE
"111",708442,0.2537678,0.161782,-0.08550516,0.2081166,-0.1718536,0.1048789,0.04608181,0.003706631,-0.2492705,0.3523528,-0.2067103,-0.004309519,FALSE,FALSE,FALSE,FALSE,FALSE,FALSE,FALSE,FALSE,FALSE,FALSE,FALSE,FALSE
"112",708476,-0.07899607,0.008315697,-0.2411863,-0.2442568,0.1464211,-0.1377095,-0.166757,0.1137481,-0.02286479,-0.3200827,0.07420298,-0.09784085,FALSE,FALSE,FALSE,FALSE,FALSE,FALSE,FALSE,FALSE,FALSE,FALSE,FALSE,FALSE
"113",708524,0.1138722,0.2467505,-0.1896532,-0.1424735,0.1643463,0.06754609,0.2307152,0.427014,-0.2191665,-0.1656923,0.05387545,0.09297028,FALSE,FALSE,FALSE,FALSE,FALSE,FALSE,FALSE,FALSE,FALSE,FALSE,FALSE,FALSE
"114",735678,-0.02866801,-0.2544623,0.2453275,0.2605913,0.9751713,0.5010364,-0.4801139,-0.3284931,0.9598605,0.03305826,-0.1246112,0.02208678,FALSE,FALSE,FALSE,FALSE,FALSE,FALSE,FALSE,FALSE,FALSE,FALSE,FALSE,FALSE
"115",735689,0.6170915,-0.0994806,-0.2747858,-0.1501258,-0.2514803,-0.09305715,0.4790402,-0.2334259,-0.4195958,-0.3477505,-0.02111858,-0.1090764,FALSE,FALSE,FALSE,FALSE,FALSE,FALSE,FALSE,FALSE,FALSE,FALSE,FALSE,FALSE
"116",770043,0.335467,-0.315682,0.5383486,0.1651822,0.3314271,0.04794396,-0.0207939,-0.1433133,0.4714309,-0.05888756,0.4690028,-9.635419e-05,FALSE,FALSE,FALSE,FALSE,FALSE,FALSE,FALSE,FALSE,FALSE,FALSE,FALSE,FALSE
"117",770137,0.009625114,-0.02293035,0.2559408,-0.01495836,-0.05787856,0.04264855,-0.009461379,-0.01759788,-0.110536,0.1640462,-0.02070146,0.009915913,FALSE,FALSE,FALSE,FALSE,FALSE,FALSE,FALSE,FALSE,FALSE,FALSE,FALSE,FALSE
"118",773282,-0.01900894,-0.09008086,0.07244584,0.0516834,-0.1212955,-0.06645458,0.01722287,-0.02497959,-0.06246893,0.09489336,0.1641409,0.01829279,FALSE,FALSE,FALSE,FALSE,FALSE,FALSE,FALSE,FALSE,FALSE,FALSE,FALSE,FALSE
"119",773324,-0.2226535,-0.2020449,0.01976226,0.012866,0.09580872,-0.1464918,-0.1124436,-0.193948,-0.1184501,-0.1679658,0.3086639,-0.1165068,FALSE,FALSE,FALSE,FALSE,FALSE,FALSE,FALSE,FALSE,FALSE,FALSE,FALSE,FALSE
"120",773342,-0.0448508,-0.1243135,0.1484785,0.1578262,0.1035748,0.02552344,-0.132161,-0.1014043,-0.1295781,0.009698854,0.2415448,-0.0541421,FALSE,FALSE,FALSE,FALSE,FALSE,FALSE,FALSE,FALSE,FALSE,FALSE,FALSE,FALSE
"121",774022,0.1093141,0.5022067,-0.2327296,-0.0460936,0.534977,0.3226483,0.3136319,0.3594478,-0.1212731,-0.2172492,0.1848177,0.2589323,FALSE,FALSE,FALSE,FALSE,FALSE,FALSE,FALSE,FALSE,FALSE,FALSE,FALSE,FALSE
"122",777791,-0.06762163,-0.01865618,0.01257827,-0.122892,0.5009781,-0.04829015,0.4138356,-0.1221604,-0.2779325,0.003056607,0.5447088,0.1279396,FALSE,FALSE,FALSE,FALSE,FALSE,FALSE,FALSE,FALSE,FALSE,FALSE,FALSE,FALSE
"123",778433,0.08449384,-0.1609084,0.01880318,0.05348905,0.3632654,0.01960968,0.0708316,-0.1299757,0.1425002,-0.005223486,0.4208983,0.08184955,FALSE,FALSE,FALSE,FALSE,FALSE,FALSE,FALSE,FALSE,FALSE,FALSE,FALSE,FALSE
"124",778438,0.1646965,0.2276652,-0.05836644,0.1000515,0.5551561,0.2272928,0.4330451,0.09966201,-0.03590878,0.1188138,0.5579637,0.3506985,FALSE,FALSE,FALSE,FALSE,FALSE,FALSE,FALSE,FALSE,FALSE,FALSE,FALSE,FALSE
"125",778447,0.1983557,-0.04472857,-0.1277662,0.0361666,0.1153367,0.02738121,0.3278942,-0.2372103,-0.2301925,0.2590515,0.2084563,0.08435931,FALSE,FALSE,FALSE,FALSE,FALSE,FALSE,FALSE,FALSE,FALSE,FALSE,FALSE,FALSE
"126",778456,0.267178,0.05484572,-0.1295693,0.2006226,-0.01517962,0.09721157,0.1677254,-0.1814692,-0.2074642,0.2853726,0.01560787,0.01189425,FALSE,FALSE,FALSE,FALSE,FALSE,FALSE,FALSE,FALSE,FALSE,FALSE,FALSE,FALSE
"127",778462,0.1315234,-0.09947689,-0.09947413,0.2163776,-0.004484007,0.02519616,0.03617993,-0.2705079,-0.1186703,0.1583414,0.03528392,-0.06322879,FALSE,FALSE,FALSE,FALSE,FALSE,FALSE,FALSE,FALSE,FALSE,FALSE,FALSE,FALSE
"128",778468,-0.04525092,-0.06035776,0.07969747,-0.2588207,-0.1242,-0.1329273,-0.04723417,0.1069212,0.01570143,-0.1786918,-0.1655802,-0.1127216,FALSE,FALSE,FALSE,FALSE,FALSE,FALSE,FALSE,FALSE,FALSE,FALSE,FALSE,FALSE
"129",778492,-0.1845315,-0.03081908,-0.3196436,-0.0359091,-0.2870516,-0.2090702,-0.1946808,-0.133364,-0.04695041,-0.2613982,-0.225272,-0.2139084,FALSE,FALSE,FALSE,FALSE,FALSE,FALSE,FALSE,FALSE,FALSE,FALSE,FALSE,FALSE
"130",778502,-0.3455869,-0.1243538,-0.2695661,-0.3278354,-0.2735181,-0.3809033,-0.1773971,-0.1155179,0.1058947,-0.3303201,-0.1163825,-0.1860193,FALSE,FALSE,FALSE,FALSE,FALSE,FALSE,FALSE,FALSE,FALSE,FALSE,FALSE,FALSE
"131",778510,-0.3264829,-0.2046296,-0.1882339,-0.3443622,-0.06381786,-0.3355889,-0.06380779,-0.1306442,-0.05193765,-0.4114735,0.03467921,-0.197542,FALSE,FALSE,FALSE,FALSE,FALSE,FALSE,FALSE,FALSE,FALSE,TRUE,FALSE,FALSE
"132",793546,-0.08289934,0.1718965,-0.2523855,0.3993361,0.02688435,0.009310078,0.2709308,0.1297718,0.1515786,0.08863751,0.1123294,0.1750625,FALSE,FALSE,FALSE,FALSE,FALSE,FALSE,FALSE,FALSE,FALSE,FALSE,FALSE,FALSE
"133",793560,-0.01107423,0.3574197,-0.1622859,0.2074072,0.3949196,0.2682718,0.1952125,0.2360186,0.2416878,0.04928197,0.1240073,0.2377382,FALSE,FALSE,FALSE,FALSE,FALSE,FALSE,FALSE,FALSE,FALSE,FALSE,FALSE,FALSE
"134",793567,-0.05236239,0.4685917,-0.07900071,0.234543,0.3023211,0.2792582,0.2983057,0.3443311,0.1080155,0.2346964,0.2502306,0.4061419,FALSE,FALSE,FALSE,FALSE,FALSE,FALSE,FALSE,FALSE,FALSE,FALSE,FALSE,FALSE
"135",793579,0.003252323,0.5225242,-0.2415631,0.2157634,0.2957937,0.2168107,0.4038124,0.3684193,0.02806207,0.06911844,0.1846681,0.3181483,FALSE,FALSE,FALSE,FALSE,FALSE,FALSE,FALSE,FALSE,FALSE,FALSE,FALSE,FALSE
"136",793591,-0.4370111,0.4241015,-0.2983425,0.1428268,0.115244,-0.09151237,0.07729538,0.2429984,0.008910611,0.03532526,0.01222346,0.07281757,FALSE,FALSE,FALSE,FALSE,FALSE,FALSE,FALSE,FALSE,FALSE,FALSE,FALSE,FALSE
"137",809071,-0.5807906,-0.3207856,0.4686792,-0.3803008,-0.1385245,-0.2049632,-0.9041235,-0.08637953,-0.06381209,-0.5499155,-0.1518019,-0.4513183,FALSE,FALSE,FALSE,FALSE,FALSE,FALSE,FALSE,FALSE,FALSE,FALSE,FALSE,FALSE
"138",958334,0.2206936,0.06556171,0.7216806,0.5854389,0.2206968,0.5762657,0.8088237,0.2986339,0.3640425,0.1636106,0.455294,0.5893313,FALSE,FALSE,FALSE,FALSE,FALSE,FALSE,FALSE,FALSE,FALSE,FALSE,FALSE,FALSE
"139",958352,-0.04394813,-0.333572,-0.1256867,-0.1974713,-0.3750596,-0.1866171,0.02987524,-0.4890075,-0.2361962,-0.1603297,-0.4707449,-0.4300403,FALSE,FALSE,FALSE,FALSE,FALSE,FALSE,FALSE,TRUE,FALSE,FALSE,FALSE,FALSE
"140",962653,0.1923767,0.2147662,0.5589291,0.156529,0.3516853,0.4813638,0.1504684,0.230252,0.3727679,0.3521838,0.5856181,0.5884108,FALSE,FALSE,FALSE,FALSE,FALSE,FALSE,FALSE,FALSE,FALSE,FALSE,FALSE,FALSE
"141",962660,0.2774745,0.8260415,0.3933811,0.338656,0.6790789,0.8449423,0.7777996,0.6661427,0.1183668,0.5908224,0.8612623,1.096372,FALSE,FALSE,FALSE,FALSE,FALSE,TRUE,FALSE,FALSE,FALSE,FALSE,TRUE,TRUE
"142",962668,0.2384471,0.3218327,0.1839497,0.5122323,0.4447785,0.4647635,0.38021,0.2472381,0.002263158,0.4646839,0.4245867,0.5079779,FALSE,FALSE,FALSE,FALSE,FALSE,FALSE,FALSE,FALSE,FALSE,FALSE,FALSE,FALSE
"143",962673,0.0317057,0.1697878,-0.002953903,0.2350146,0.2912798,0.1624247,0.2400049,0.1288322,-0.1411424,0.2293757,0.3914883,0.2957348,FALSE,FALSE,FALSE,FALSE,FALSE,FALSE,FALSE,FALSE,FALSE,FALSE,FALSE,FALSE
"144",962686,0.04934612,-0.1053351,0.0210345,-0.004902538,0.1325039,-0.05193652,0.08448928,-0.001459161,0.03320912,0.0222306,0.1592909,0.07337525,FALSE,FALSE,FALSE,FALSE,FALSE,FALSE,FALSE,FALSE,FALSE,FALSE,FALSE,FALSE
"145",1009532,-0.02940101,-0.2087706,0.05397264,0.0907776,-0.3625265,-0.3120433,-0.2831107,-0.1853228,-0.09651954,-0.1910358,-0.1052328,-0.4193596,FALSE,FALSE,FALSE,FALSE,FALSE,FALSE,FALSE,FALSE,FALSE,FALSE,FALSE,FALSE
"146",1009548,0.5421919,-0.02354628,0.4768246,0.5820092,0.02198777,0.3345758,-0.2076489,0.07817764,0.334075,-0.0257082,0.1126939,0.01286869,FALSE,FALSE,FALSE,FALSE,FALSE,FALSE,FALSE,FALSE,FALSE,FALSE,FALSE,FALSE
"147",1009563,-0.1590394,-0.4310351,-0.02219624,-0.245148,-0.03211811,-0.4303245,-0.1882191,-0.285558,-0.0287324,-0.3479627,0.3221295,-0.2893649,FALSE,FALSE,FALSE,FALSE,FALSE,FALSE,FALSE,FALSE,FALSE,FALSE,FALSE,FALSE
"148",1009630,0.0003087942,0.03248905,0.5017864,-0.04395975,0.1108392,0.1900796,-0.2725472,0.1591141,0.4286882,0.277264,0.2670205,0.2605114,FALSE,FALSE,FALSE,FALSE,FALSE,FALSE,FALSE,FALSE,FALSE,FALSE,FALSE,FALSE
"149",1010097,-0.1466774,-0.05588438,-0.05115002,-0.09875717,-0.2996115,-0.2185568,-0.06188119,-0.07548398,-0.248739,-0.07206165,-0.2141494,-0.2034078,FALSE,FALSE,FALSE,FALSE,FALSE,FALSE,FALSE,FALSE,FALSE,FALSE,FALSE,FALSE
"150",1010789,0.0562062,0.130421,0.02050159,0.05271316,0.1755015,0.1318604,-0.1282778,-0.007548396,0.05643064,0.08183343,-0.01113856,0.02981875,FALSE,FALSE,FALSE,FALSE,FALSE,FALSE,FALSE,FALSE,FALSE,FALSE,FALSE,FALSE
"151",1010932,0.05860711,0.04596914,-0.006596767,-0.1236934,0.03665087,0.009072923,-0.09028934,0.07746228,0.02299259,0.003356647,-0.0461483,0.00532918,FALSE,FALSE,FALSE,FALSE,FALSE,FALSE,FALSE,FALSE,FALSE,FALSE,FALSE,FALSE
"152",1011310,0.0006849099,-0.001845531,0.302986,0.2319147,-0.1738941,0.1328873,0.1867483,-0.06482933,0.3817646,0.3680922,-0.09563537,0.231223,FALSE,FALSE,FALSE,FALSE,FALSE,FALSE,FALSE,FALSE,FALSE,FALSE,FALSE,FALSE
"153",1011356,0.1254963,-0.04711629,0.2125425,0.3018944,-0.3268025,0.008538457,-0.07376067,-0.01984076,0.2561181,0.3827225,-0.2556751,0.02703305,FALSE,FALSE,FALSE,FALSE,FALSE,FALSE,FALSE,FALSE,FALSE,FALSE,FALSE,FALSE
"154",1013618,0.1069371,0.1090702,0.2326656,-0.07312887,0.1016885,0.1256208,-0.1007769,0.2826658,0.02770235,0.1122891,0.141366,0.1127896,FALSE,FALSE,FALSE,FALSE,FALSE,FALSE,FALSE,FALSE,FALSE,FALSE,FALSE,FALSE
"155",1014176,0.1521197,-0.09926855,0.1784176,0.01974915,-0.2266369,-0.009985563,-0.08954332,0.02531535,-0.1602949,-0.0254497,-0.3681347,-0.2132157,FALSE,FALSE,FALSE,FALSE,FALSE,FALSE,FALSE,FALSE,FALSE,FALSE,FALSE,FALSE
"156",1014317,-0.03432511,0.0892251,0.2820166,0.02070641,0.1817393,0.1165146,-0.0739729,0.1311509,0.2888894,-0.1331529,0.2401073,0.08191748,FALSE,FALSE,FALSE,FALSE,FALSE,FALSE,FALSE,FALSE,FALSE,FALSE,FALSE,FALSE
"157",1014371,0.08863542,-0.1174241,-0.04743833,0.1785245,-0.05709182,0.01234153,-0.03260357,-0.1873094,-0.2046699,0.02646253,-0.1722016,-0.154893,FALSE,FALSE,FALSE,FALSE,FALSE,FALSE,FALSE,FALSE,FALSE,FALSE,FALSE,FALSE
"158",1014386,-0.122805,-0.1120585,0.1571801,0.1174055,-0.08178745,-0.008647009,0.1414399,-0.1800464,0.08674112,0.04615595,-0.1450192,-0.04382107,FALSE,FALSE,FALSE,FALSE,FALSE,FALSE,FALSE,FALSE,FALSE,FALSE,FALSE,FALSE
"159",1014455,0.1109437,0.06082381,-0.05666635,-0.08643329,-0.00111753,0.035574,0.2304077,-0.1269279,0.1558263,0.04390826,0.1241028,0.1221941,FALSE,FALSE,FALSE,FALSE,FALSE,FALSE,FALSE,FALSE,FALSE,FALSE,FALSE,FALSE
"160",1014461,0.04180684,0.02387589,-0.09010872,0.04561286,-0.106147,-0.01352012,0.06472009,-0.09860753,-0.01950921,0.009127143,0.03119642,-0.002987372,FALSE,FALSE,FALSE,FALSE,FALSE,FALSE,FALSE,FALSE,FALSE,FALSE,FALSE,FALSE
"161",1084966,-0.1487949,-0.1774018,-0.06051724,-0.1154268,-0.02003051,-0.2002884,0.07848846,-0.06696808,-0.04217073,-0.1599372,0.1543139,-0.01729487,FALSE,FALSE,FALSE,FALSE,FALSE,FALSE,FALSE,FALSE,FALSE,FALSE,FALSE,FALSE
"162",1133218,-0.2460991,-0.2809759,0.379131,-0.00871423,-0.332987,-0.04359884,-0.07789509,0.04534194,0.6721809,-0.2484562,-0.630471,-0.03044853,FALSE,FALSE,FALSE,FALSE,FALSE,FALSE,FALSE,FALSE,FALSE,FALSE,FALSE,FALSE
"163",1173412,0.4706849,-0.02368224,-0.001408122,0.4226321,-0.2274433,0.1722616,-0.3061875,0.06370815,-0.1665979,0.1336167,-0.09802744,-0.082177,FALSE,FALSE,FALSE,FALSE,FALSE,FALSE,FALSE,FALSE,FALSE,FALSE,FALSE,FALSE
"164",1173420,0.2560527,0.03417155,0.03198792,0.369459,0.1863034,0.2404172,-0.03566361,0.01892792,0.1251361,0.02335355,0.2091137,0.1052588,FALSE,FALSE,FALSE,FALSE,FALSE,FALSE,FALSE,FALSE,FALSE,FALSE,FALSE,FALSE
"165",1173432,0.4859598,0.4640683,-0.09551728,0.3826871,0.1676797,0.4120612,0.2620983,0.3251689,-0.2964971,0.3023999,0.211009,0.3032718,FALSE,FALSE,FALSE,FALSE,FALSE,FALSE,FALSE,FALSE,FALSE,FALSE,FALSE,FALSE
"166",1173452,0.2987531,0.2857024,-0.03610356,0.2728996,0.4148756,0.3281187,0.2540926,0.1510844,-0.0525963,0.07455406,0.390101,0.2700883,FALSE,FALSE,FALSE,FALSE,FALSE,FALSE,FALSE,FALSE,FALSE,FALSE,FALSE,FALSE
"167",1189635,0.3272118,0.06481256,0.05076744,0.1330667,-0.07403123,0.1405284,0.2540274,0.1314482,0.04190087,0.2183551,0.06305146,0.2142476,FALSE,FALSE,FALSE,FALSE,FALSE,FALSE,FALSE,FALSE,FALSE,FALSE,FALSE,FALSE
"168",1199494,-0.1959236,0.01847012,-0.0363592,-0.07243742,-0.1007006,-0.2867378,0.02949601,-0.0003945257,-0.1075828,-0.09264751,0.1449385,-0.09238797,FALSE,FALSE,FALSE,FALSE,FALSE,FALSE,FALSE,FALSE,FALSE,FALSE,FALSE,FALSE
"169",1199501,0.01353141,0.1734867,0.1734681,0.1465127,0.009910835,0.002819425,0.1650208,0.1145695,0.06532398,0.1034975,0.1459553,0.0902831,FALSE,FALSE,FALSE,FALSE,FALSE,FALSE,FALSE,FALSE,FALSE,FALSE,FALSE,FALSE
"170",1199524,-0.4126038,0.1685118,-0.2762656,-0.1641281,-0.2473716,-0.3847932,0.05233683,0.06160187,-0.3353555,-0.105416,0.003466612,-0.1103155,FALSE,FALSE,FALSE,FALSE,FALSE,FALSE,FALSE,FALSE,FALSE,FALSE,FALSE,FALSE
"171",1199746,0.5998211,0.4149564,0.09694393,0.04359906,0.2698471,0.3453213,0.6335358,0.3118198,0.1488446,0.2146139,0.4022211,0.4632222,TRUE,FALSE,FALSE,FALSE,FALSE,FALSE,TRUE,FALSE,FALSE,FALSE,FALSE,FALSE
"172",1200993,-0.1132897,0.1296414,0.149874,0.06985603,0.2175271,0.09370065,0.1238577,0.07431691,0.2332086,0.3416728,0.2449116,0.305013,FALSE,FALSE,FALSE,FALSE,FALSE,FALSE,FALSE,FALSE,FALSE,FALSE,FALSE,FALSE
"173",1201056,0.1270797,0.084989,0.2093933,-0.09599776,0.1066731,0.07361831,-0.05674175,0.09620971,-0.1195619,0.05767525,0.1419838,0.02670307,FALSE,FALSE,FALSE,FALSE,FALSE,FALSE,FALSE,FALSE,FALSE,FALSE,FALSE,FALSE
"174",1201085,0.290313,0.2843156,-0.1486623,0.1550408,0.3692454,0.2005713,0.3231379,0.09564166,-0.1168376,0.2571392,0.481839,0.2832423,FALSE,FALSE,FALSE,FALSE,FALSE,FALSE,FALSE,FALSE,FALSE,FALSE,FALSE,FALSE
"175",1201804,0.2518721,-0.0871461,-0.06183824,-0.03161044,0.3822838,0.0581861,0.1531658,-0.1101204,-0.2117009,-0.1958314,0.3268107,-0.03193387,FALSE,FALSE,FALSE,FALSE,FALSE,FALSE,FALSE,FALSE,FALSE,FALSE,FALSE,FALSE
"176",1202172,-0.233554,-0.02187967,-0.05613057,-0.1184446,-0.2784376,-0.1865296,-0.1844562,-0.03893705,-0.09751085,-0.08178605,-0.2517428,-0.198728,FALSE,FALSE,FALSE,FALSE,FALSE,FALSE,FALSE,FALSE,FALSE,FALSE,FALSE,FALSE
"177",1202352,-0.2122937,0.09775617,-0.3230815,0.01204482,-0.02556205,-0.1263494,-0.2104975,0.05950877,-0.1773893,0.005146286,-0.06594709,-0.1046554,FALSE,FALSE,FALSE,FALSE,FALSE,FALSE,FALSE,FALSE,FALSE,FALSE,FALSE,FALSE
"178",1202379,-0.2433422,0.1898873,0.03480683,0.2289406,0.007988065,0.1395177,-0.1493282,0.2831181,0.06227698,0.1107127,-0.0259362,0.1454817,FALSE,FALSE,FALSE,FALSE,FALSE,FALSE,FALSE,FALSE,FALSE,FALSE,FALSE,FALSE
"179",1202439,-0.0124873,-0.01638074,-0.1703326,0.1813699,0.08786246,0.04942976,-0.09941818,0.09871811,-0.00671649,-0.1189062,-0.00153346,-0.02183787,FALSE,FALSE,FALSE,FALSE,FALSE,FALSE,FALSE,FALSE,FALSE,FALSE,FALSE,FALSE
"180",1202965,0.09277401,0.1034587,0.09260987,-0.04747015,-0.005029084,-0.004417879,0.1086196,-0.008871918,-0.09047929,0.1031714,0.07920993,0.01252332,FALSE,FALSE,FALSE,FALSE,FALSE,FALSE,FALSE,FALSE,FALSE,FALSE,FALSE,FALSE
"181",1236030,0.1516221,0.070684,0.07698323,-0.01494465,0.3320132,0.1762908,0.1546142,0.1246079,0.02524361,-0.04134085,0.2997473,0.1532457,FALSE,FALSE,FALSE,FALSE,FALSE,FALSE,FALSE,FALSE,FALSE,FALSE,FALSE,FALSE
"182",1236099,-0.07827207,-0.1764079,0.169462,-0.1183974,0.1286815,-0.08375116,-0.1985527,-0.06249251,0.1421397,-0.1121121,-0.04003682,-0.1291117,FALSE,FALSE,FALSE,FALSE,FALSE,FALSE,FALSE,FALSE,FALSE,FALSE,FALSE,FALSE
"183",1236257,0.09075596,0.1493183,0.02099464,0.4041474,0.1150464,0.1998632,0.003625676,0.1572509,0.1325054,0.378627,-0.1335423,0.1648086,FALSE,FALSE,FALSE,FALSE,FALSE,FALSE,FALSE,FALSE,FALSE,FALSE,FALSE,FALSE
"184",1236319,0.0270178,-0.02305694,0.2031104,0.1741932,-0.1059332,0.04875501,-0.3470632,-0.03787416,-0.228164,-0.02440753,-0.03883296,-0.1880478,FALSE,FALSE,FALSE,FALSE,FALSE,FALSE,FALSE,FALSE,FALSE,FALSE,FALSE,FALSE
"185",1236609,0.1559515,0.135721,-0.02503328,0.08065852,0.5051102,0.2110304,0.05861558,0.04755852,-0.1585995,0.06718426,0.3315875,0.1228119,FALSE,FALSE,FALSE,FALSE,FALSE,FALSE,FALSE,FALSE,FALSE,FALSE,FALSE,FALSE
"186",1236666,0.3841609,0.2871148,0.2734468,0.1882009,0.5878838,0.3387762,0.5022434,0.2034807,0.1025849,0.1265225,0.5939535,0.3949587,FALSE,FALSE,FALSE,FALSE,FALSE,FALSE,FALSE,FALSE,FALSE,FALSE,FALSE,FALSE
"187",1236699,-0.01253687,0.03053016,0.2072109,-0.1221947,0.5620234,0.1037228,0.02192934,-0.003750099,-0.05280022,-0.05173283,0.3406047,0.05064559,FALSE,FALSE,FALSE,FALSE,TRUE,FALSE,FALSE,FALSE,FALSE,FALSE,FALSE,FALSE
"188",1236845,0.05059227,0.1724146,0.2301398,-0.03368798,0.09031457,0.1323667,-0.1207346,0.1275544,0.188678,0.1124834,0.04091329,0.09602245,FALSE,FALSE,FALSE,FALSE,FALSE,FALSE,FALSE,FALSE,FALSE,FALSE,FALSE,FALSE
"189",1236872,0.1493553,0.3041877,0.1765048,0.1277008,0.04974641,0.2170172,-0.0624306,0.3234594,0.1753061,0.278619,0.1188462,0.2704241,FALSE,FALSE,FALSE,FALSE,FALSE,FALSE,FALSE,FALSE,FALSE,FALSE,FALSE,FALSE
"190",1237036,-0.0396692,0.1057846,-0.05066162,-0.08979882,0.3016055,0.1367449,0.1707569,-0.08594004,-0.01031899,-0.05380317,0.1661404,0.1094102,FALSE,FALSE,FALSE,FALSE,FALSE,FALSE,FALSE,FALSE,FALSE,FALSE,FALSE,FALSE
"191",1237194,-0.08443147,0.005842051,-0.1890963,-0.001094549,-0.066514,-0.09345903,-0.02965067,-0.007758565,0.09702025,-0.008227171,-0.03248813,-0.01302065,FALSE,FALSE,FALSE,FALSE,FALSE,FALSE,FALSE,FALSE,FALSE,FALSE,FALSE,FALSE
"192",1237501,-0.07348213,0.09874173,-0.2380792,0.1560363,-0.3413261,-0.1334652,0.1822596,0.03666075,0.05287016,0.03638216,-0.009041035,0.02611064,FALSE,FALSE,FALSE,FALSE,FALSE,FALSE,FALSE,FALSE,FALSE,FALSE,FALSE,FALSE
"193",1238223,0.2244979,0.1465435,0.3128977,-0.0210701,0.3402084,0.1909667,0.02046711,0.2031254,0.386809,-0.1145462,0.1036552,0.07077255,FALSE,FALSE,FALSE,FALSE,FALSE,FALSE,FALSE,FALSE,FALSE,FALSE,FALSE,FALSE
"194",1238263,0.09528846,0.1873047,0.5089152,-0.06080236,0.3083352,0.2023987,-0.1639943,0.3262515,0.7275235,-0.08308211,-0.03057246,0.08886216,FALSE,FALSE,FALSE,FALSE,FALSE,FALSE,FALSE,FALSE,FALSE,FALSE,FALSE,FALSE
"195",1238283,0.2071672,-0.08391871,0.07143594,-0.1577883,-0.08207251,-0.1206148,0.04494295,-0.09791952,0.1950731,-0.04446389,-0.2246276,-0.1780491,FALSE,FALSE,FALSE,FALSE,FALSE,FALSE,FALSE,FALSE,FALSE,FALSE,FALSE,FALSE
"196",1238301,0.1748852,-0.08032857,0.1252012,0.2671397,-0.2458287,-0.02708762,-0.04672734,-0.004255888,0.09168584,0.3478082,-0.4008651,-0.08560245,FALSE,FALSE,FALSE,FALSE,FALSE,FALSE,FALSE,FALSE,FALSE,FALSE,FALSE,FALSE
"197",1238313,-0.1197721,0.05488608,0.01081409,-0.06127886,0.1646008,0.02099516,-0.08112592,0.09119135,0.2960022,0.01759749,-0.06908576,0.05979385,FALSE,FALSE,FALSE,FALSE,FALSE,FALSE,FALSE,FALSE,FALSE,FALSE,FALSE,FALSE
"198",1238319,-0.2368225,0.08664533,0.02983559,-0.01963375,0.3642652,0.076156,0.04538847,0.05619257,0.4116523,-0.05471346,0.1374805,0.169154,FALSE,FALSE,FALSE,FALSE,FALSE,FALSE,FALSE,FALSE,FALSE,FALSE,FALSE,FALSE
"199",1238322,-0.02299385,-0.1507806,-0.009558517,-0.1031547,0.2188423,-0.04591544,-0.1352722,-0.1737967,0.2843049,-0.100155,-0.1694836,-0.1634775,FALSE,FALSE,FALSE,FALSE,FALSE,FALSE,FALSE,FALSE,FALSE,FALSE,FALSE,FALSE
"200",1238349,-0.06401103,-0.005933223,0.08220454,0.04433096,0.2123005,0.1075392,-0.04163627,0.01746588,0.4293669,0.03869823,0.1585107,0.1911101,FALSE,FALSE,FALSE,FALSE,FALSE,FALSE,FALSE,FALSE,TRUE,FALSE,FALSE,FALSE
"201",1238355,-0.0568767,-0.05458829,0.05076939,-0.07896045,-0.05202009,-0.06680704,0.04019992,-0.05283966,0.4698862,-0.0767602,0.03952976,0.0761596,FALSE,FALSE,FALSE,FALSE,FALSE,FALSE,FALSE,FALSE,TRUE,FALSE,FALSE,FALSE
"202",1238379,-0.08208156,0.1105275,-0.04495384,-0.1632962,0.3702532,0.003775633,-0.06563333,0.09835327,0.1479913,-0.04270154,0.1708427,0.0613174,FALSE,FALSE,FALSE,FALSE,FALSE,FALSE,FALSE,FALSE,FALSE,FALSE,FALSE,FALSE
"203",1238395,-0.05740406,-0.1537079,-0.04524968,0.06852241,0.3805369,-0.05229412,0.05321677,-0.1598454,0.1716512,0.03676969,0.4466341,0.1041705,FALSE,FALSE,FALSE,FALSE,FALSE,FALSE,FALSE,FALSE,FALSE,FALSE,FALSE,FALSE
"204",1238403,-0.1799419,0.006186948,0.02398394,0.05442554,0.2944713,0.0001609035,0.08260947,0.06867289,0.2471701,0.1420598,0.1694314,0.1662463,FALSE,FALSE,FALSE,FALSE,FALSE,FALSE,FALSE,FALSE,FALSE,FALSE,FALSE,FALSE
"205",1238424,-0.04617945,-0.08238419,0.03800981,0.04909235,0.1485265,-0.05231605,0.03330371,0.0456089,0.1890735,0.2130633,0.07026609,0.1005884,FALSE,FALSE,FALSE,FALSE,FALSE,FALSE,FALSE,FALSE,FALSE,FALSE,FALSE,FALSE
"206",1238425,-0.101662,0.01783198,0.02780722,0.01877981,0.2246618,-0.01610585,0.04835751,0.1029009,0.2197071,0.1587747,0.04721957,0.1132297,FALSE,FALSE,FALSE,FALSE,FALSE,FALSE,FALSE,FALSE,FALSE,FALSE,FALSE,FALSE
"207",1238532,-0.01027951,0.2396989,-0.03959092,0.2106623,0.2233613,0.2251734,-0.05940064,0.1918795,-0.005873893,0.04820405,0.1862601,0.1930586,FALSE,FALSE,FALSE,FALSE,FALSE,FALSE,FALSE,FALSE,FALSE,FALSE,FALSE,FALSE
"208",1238748,0.1533193,-0.3845444,0.1444973,0.1990072,-0.03479966,-0.09161362,-0.2187807,-0.1620926,0.007200866,0.2241568,0.16221,-0.04038298,FALSE,FALSE,FALSE,FALSE,FALSE,FALSE,FALSE,FALSE,FALSE,FALSE,FALSE,FALSE
"209",1238771,-0.03966256,0.1946656,-0.389824,-0.2254167,0.02352124,-0.1509369,0.02604694,0.1019383,-0.3164622,0.02949305,0.04745775,-0.01136398,FALSE,FALSE,TRUE,FALSE,FALSE,FALSE,FALSE,FALSE,FALSE,FALSE,FALSE,FALSE
"210",1238774,-0.07359432,-0.2026112,0.2200432,0.0742045,-0.2098838,-0.08597929,0.02570879,-0.1160927,0.02060269,0.01547637,-0.2353199,-0.1460506,FALSE,FALSE,FALSE,FALSE,FALSE,FALSE,FALSE,FALSE,FALSE,FALSE,FALSE,FALSE
"211",1238784,0.06954005,0.01955567,-0.2839897,-0.1516489,0.06738571,-0.1750711,0.008204878,-0.04562074,-0.2326777,0.007503686,0.2194466,-0.01030587,FALSE,FALSE,FALSE,FALSE,FALSE,FALSE,FALSE,FALSE,FALSE,FALSE,FALSE,FALSE
"212",1238814,-0.1092964,0.05917899,-0.193765,-0.181649,-0.009887843,-0.1610719,0.04172278,-0.08254097,0.006868656,-0.05694282,0.160963,0.01253013,FALSE,FALSE,FALSE,FALSE,FALSE,FALSE,FALSE,FALSE,FALSE,FALSE,FALSE,FALSE
"213",1251680,-0.04977456,0.3695651,0.07619289,0.3964184,0.1541088,0.2625575,0.2983241,0.1993024,0.3330837,0.2118888,0.2747893,0.3724432,FALSE,FALSE,FALSE,FALSE,FALSE,FALSE,FALSE,FALSE,FALSE,FALSE,FALSE,FALSE
"214",1251716,-0.1637463,-0.05100572,-0.2339877,-0.088717,0.3073619,-0.1253887,0.3309397,-0.221035,0.000110141,-0.2549854,0.1558931,-0.05881874,FALSE,FALSE,FALSE,FALSE,FALSE,FALSE,FALSE,FALSE,FALSE,FALSE,FALSE,FALSE
"215",1251722,-0.1642977,-0.1943362,0.01160995,-0.2140903,0.08151526,-0.1961285,0.2321733,-0.1928399,0.1906312,-0.3307259,0.06092739,-0.08098138,FALSE,FALSE,FALSE,FALSE,FALSE,FALSE,FALSE,FALSE,FALSE,FALSE,FALSE,FALSE
"216",1251737,-0.05807356,-0.0526673,-0.2744662,-0.1955878,0.0922553,-0.2277482,0.2862061,-0.1902884,-0.1888111,-0.2313104,-0.03474912,-0.1906539,FALSE,FALSE,FALSE,FALSE,FALSE,FALSE,FALSE,FALSE,FALSE,FALSE,FALSE,FALSE
"217",1251743,0.1439871,0.1088604,0.1176986,-0.1810778,0.3595077,0.09904054,0.4455176,0.0842623,0.004663322,-0.1441292,0.1388495,0.09772427,FALSE,FALSE,FALSE,FALSE,FALSE,FALSE,FALSE,FALSE,FALSE,FALSE,FALSE,FALSE
"218",1251808,0.01142016,-0.04978743,0.2515057,-0.06726489,0.03076159,0.09306733,-0.03310726,0.03017605,0.2539264,0.02370963,0.01337059,0.1295361,FALSE,FALSE,FALSE,FALSE,FALSE,FALSE,FALSE,FALSE,FALSE,FALSE,FALSE,FALSE
"219",1251859,0.04907485,0.1221288,0.37452,0.1647395,-0.2649148,0.07552858,-0.2891261,0.1715789,0.03483012,-0.02174231,-0.3749917,-0.192565,FALSE,FALSE,FALSE,FALSE,FALSE,FALSE,FALSE,FALSE,FALSE,FALSE,FALSE,FALSE
"220",1272656,0.3824232,0.2610583,0.255303,0.04001858,0.1293307,0.3583598,-0.02768421,0.2025239,0.1555554,0.4053374,-0.1745644,0.1597029,FALSE,FALSE,FALSE,FALSE,FALSE,FALSE,FALSE,FALSE,FALSE,FALSE,FALSE,FALSE
"221",162459,0.09632708,0.1408926,0.0114613,-0.1649449,-0.1305312,-0.07449951,0.04303815,0.07896998,-0.2835592,-0.127095,-0.3279956,-0.2604803,FALSE,FALSE,FALSE,FALSE,FALSE,FALSE,FALSE,FALSE,FALSE,FALSE,FALSE,FALSE
"222",164965,0.1199446,0.2807962,0.1762973,0.08436222,0.05053368,0.2187442,0.04635976,0.229816,0.01491608,0.1642053,0.1400385,0.2111399,FALSE,FALSE,FALSE,FALSE,FALSE,FALSE,FALSE,FALSE,FALSE,FALSE,FALSE,FALSE
"223",168101,0.1757655,-0.09467199,0.2460032,1.21157,-0.612989,0.171129,-0.2690581,0.2182535,-0.2297596,1.386332,-0.7873972,0.1178267,FALSE,FALSE,FALSE,TRUE,FALSE,FALSE,FALSE,FALSE,FALSE,TRUE,FALSE,FALSE
"224",189160,-0.7300474,-1.131171,0.3975498,-0.1603719,0.1286639,-0.6181346,-0.1755609,-0.9824531,0.0496202,-0.1909709,0.3996611,-0.4412858,FALSE,TRUE,FALSE,FALSE,FALSE,FALSE,FALSE,TRUE,FALSE,FALSE,FALSE,FALSE
"225",195354,0.3094991,1.031091,0.1542089,-0.05344538,0.5316669,0.6365627,1.181697,0.482961,0.2040646,0.6682345,0.2796128,0.8379356,FALSE,TRUE,FALSE,FALSE,FALSE,FALSE,TRUE,FALSE,FALSE,FALSE,FALSE,TRUE
"226",195381,0.6250663,0.361058,-0.04692204,0.6042164,-0.2137415,0.4397926,-0.4438901,0.2815495,-0.2808136,-0.1102454,-0.2749254,-0.1214691,FALSE,FALSE,FALSE,FALSE,FALSE,FALSE,FALSE,FALSE,FALSE,FALSE,FALSE,FALSE
"227",220772,0.2318524,0.3124616,0.00664791,0.56522,0.2105804,0.2928887,0.3135667,0.2844743,-0.2988567,0.6178514,0.0961572,0.3201446,FALSE,FALSE,FALSE,FALSE,FALSE,FALSE,FALSE,FALSE,FALSE,FALSE,FALSE,FALSE
"228",225129,0.3800119,1.297537,-0.3022733,0.1909254,0.9081128,0.7830792,1.309815,0.7908203,-0.5424418,0.455719,0.7921186,0.9874722,FALSE,FALSE,FALSE,FALSE,FALSE,FALSE,FALSE,FALSE,FALSE,FALSE,FALSE,FALSE
"229",225887,0.3036061,0.2039519,-0.08756234,0.07610336,0.1506895,0.2232225,-0.4665413,-0.3155433,0.2348686,0.02920982,-0.1350732,-0.1707644,FALSE,FALSE,FALSE,FALSE,FALSE,FALSE,FALSE,FALSE,FALSE,FALSE,FALSE,FALSE
"230",225895,-0.5912472,0.01047958,-0.04991593,-0.5503004,-0.8524184,-0.4904191,-0.01682249,0.06256813,-0.5028896,-0.5735481,-0.6251095,-0.4297999,FALSE,FALSE,FALSE,FALSE,FALSE,FALSE,FALSE,FALSE,FALSE,FALSE,FALSE,FALSE
"231",225933,0.05799579,-0.3753256,0.1052564,0.1777677,-0.071711,-0.1636996,-0.3272484,-0.2713001,-0.08671974,-0.010982,0.116529,-0.2345073,FALSE,FALSE,FALSE,FALSE,FALSE,FALSE,FALSE,FALSE,FALSE,FALSE,FALSE,FALSE
"232",227899,1.009715,1.286822,-0.5676291,0.7298712,-0.110567,0.6849041,0.3030847,0.8293832,0.2421489,1.074922,0.2601754,0.7981432,FALSE,FALSE,FALSE,FALSE,FALSE,FALSE,FALSE,FALSE,FALSE,FALSE,FALSE,FALSE
"233",227901,0.2222708,-0.3344056,-0.1089697,0.3797175,-0.5600185,-0.04442321,0.2531842,-0.6898294,-0.5171507,0.135669,-0.5347934,-0.3881228,FALSE,FALSE,FALSE,FALSE,FALSE,FALSE,FALSE,FALSE,FALSE,FALSE,FALSE,FALSE
"234",245493,0.5911339,0.02674281,-0.2088233,0.1084872,0.7445222,0.5239197,0.1125637,0.1794125,0.1557395,-0.02536631,0.1647431,0.2133909,FALSE,FALSE,FALSE,FALSE,FALSE,FALSE,FALSE,FALSE,FALSE,FALSE,FALSE,FALSE
"235",245841,-0.0938362,-0.08066523,-0.1372051,0.01832896,-0.2144275,-0.1138119,-0.05987781,-0.1381339,-0.1969432,0.05046196,-0.2405878,-0.1352284,FALSE,FALSE,FALSE,FALSE,FALSE,FALSE,FALSE,FALSE,FALSE,FALSE,FALSE,FALSE
"236",247174,0.5680054,0.3582473,-0.1709179,0.04143999,-0.005396341,0.2599946,0.07733229,0.320255,-0.04066115,-0.1438378,-0.03293662,0.1029277,FALSE,FALSE,FALSE,FALSE,FALSE,FALSE,FALSE,FALSE,FALSE,FALSE,FALSE,FALSE
"237",247211,0.1053386,-0.01220106,-0.1581618,0.02621778,0.004483444,-0.0007041782,0.02305538,0.01307233,-0.07223383,0.01028223,-0.03896165,0.002785136,FALSE,FALSE,FALSE,FALSE,FALSE,FALSE,FALSE,FALSE,FALSE,FALSE,FALSE,FALSE
"238",247240,-0.0300249,-0.0588288,-0.06750947,-0.01894438,-0.1038666,-0.09960049,-0.1276089,-0.07315496,-0.2783112,-0.2323678,-0.1455777,-0.2511546,FALSE,FALSE,FALSE,FALSE,FALSE,FALSE,FALSE,FALSE,FALSE,FALSE,FALSE,FALSE
"239",247256,-0.0005044681,-0.05568571,0.1207392,0.09760877,0.001645833,0.02877475,-0.1812538,-0.03368076,-0.108745,-0.1853098,-0.0006295578,-0.1386064,FALSE,FALSE,FALSE,FALSE,FALSE,FALSE,FALSE,FALSE,FALSE,FALSE,FALSE,FALSE
"240",247264,-0.4453203,0.1151517,-0.07508798,0.2012776,0.9499781,0.1513937,0.3413285,-0.1331334,0.5532424,-0.1247816,0.801642,0.3832129,FALSE,FALSE,FALSE,FALSE,FALSE,FALSE,FALSE,FALSE,FALSE,FALSE,FALSE,FALSE
"241",247278,0.6204018,0.04372348,0.2833396,-0.396104,-0.3117896,0.02323995,0.7906432,0.3188418,-0.3430762,-0.009552119,-0.7406541,-0.1010379,FALSE,FALSE,FALSE,FALSE,FALSE,FALSE,FALSE,FALSE,FALSE,FALSE,FALSE,FALSE
"242",249146,0.1131077,-0.1249091,-0.1809881,-0.03300035,-0.1370062,-0.1140352,0.04128669,-0.1984741,-0.09376713,-0.03407528,-0.1813477,-0.1677109,FALSE,FALSE,FALSE,FALSE,FALSE,FALSE,FALSE,FALSE,FALSE,FALSE,FALSE,FALSE
"243",256680,-0.01783305,-0.03340932,-0.06022443,-0.09467107,0.1691819,-0.02388097,-0.008954925,-0.07529607,0.03748982,0.0550686,0.1225589,0.01475141,FALSE,FALSE,FALSE,FALSE,FALSE,FALSE,FALSE,FALSE,FALSE,FALSE,FALSE,FALSE
"244",267152,-0.01144716,-0.2594254,0.08113595,0.1451755,0.1384661,-0.1146874,0.1648168,-0.1662651,-0.1332829,0.3349504,0.3811445,0.107898,FALSE,FALSE,FALSE,FALSE,FALSE,FALSE,FALSE,FALSE,FALSE,FALSE,FALSE,FALSE
"245",267473,0.007544991,0.1099975,0.2219584,0.1175978,0.3360295,0.1785433,0.2808473,0.2204815,0.1174157,0.05721538,0.1917331,0.2346524,FALSE,FALSE,FALSE,FALSE,FALSE,FALSE,FALSE,FALSE,FALSE,FALSE,FALSE,FALSE
"246",267491,0.2924973,0.2009269,0.03752178,-0.5703412,-0.1241223,-0.0510886,0.1361592,0.3864152,-0.1298483,-0.426631,-0.2652511,-0.09466464,FALSE,FALSE,FALSE,FALSE,FALSE,FALSE,FALSE,FALSE,FALSE,FALSE,FALSE,FALSE
"247",267541,0.1391323,-0.1735614,-0.08364714,-0.09617679,-0.230969,-0.07488905,0.07540878,-0.285235,-0.06007911,0.0938436,-0.2694981,-0.1510325,FALSE,FALSE,FALSE,FALSE,FALSE,FALSE,FALSE,FALSE,FALSE,FALSE,FALSE,FALSE
"248",267546,0.2303797,-0.2278389,-0.03493702,-0.03781861,-0.3296799,-0.0572217,0.01681326,-0.3011438,0.03220878,0.1301406,-0.2798197,-0.1545666,FALSE,FALSE,FALSE,FALSE,FALSE,FALSE,FALSE,FALSE,FALSE,FALSE,FALSE,FALSE
"249",268239,0.04334391,-0.2108661,0.2294885,0.04300672,-0.06274574,0.02226682,-0.3127165,-0.1467238,0.2005286,-0.1054616,-0.1200073,-0.1588241,FALSE,FALSE,FALSE,FALSE,FALSE,FALSE,FALSE,FALSE,FALSE,FALSE,FALSE,FALSE
"250",272788,0.2514554,0.07755505,0.08992612,0.06825035,0.5394229,0.3470237,-0.2401424,-0.1244201,0.6272609,0.1068877,0.1330231,0.1570531,FALSE,FALSE,FALSE,FALSE,FALSE,FALSE,FALSE,FALSE,FALSE,FALSE,FALSE,FALSE
"251",278508,0.1333349,-0.2246388,-0.6722011,-0.5265227,0.4945012,-0.1711679,0.7943649,-0.7491248,0.04347933,-0.1787818,0.4657607,0.09385303,FALSE,FALSE,FALSE,FALSE,FALSE,FALSE,FALSE,FALSE,FALSE,FALSE,FALSE,FALSE
"252",281319,0.1465074,0.05965769,-0.1888594,0.02414314,-0.1327289,0.02061089,-0.1862005,-0.3043113,-0.2533776,0.2010069,-0.1378533,-0.1585771,FALSE,FALSE,FALSE,FALSE,FALSE,FALSE,FALSE,FALSE,FALSE,FALSE,FALSE,FALSE
"253",284748,0.01461887,0.3254162,-0.03248059,0.05745206,0.03623984,0.07993067,-0.05282073,0.2301,-0.1679086,0.2258301,-0.1269149,0.01635807,FALSE,FALSE,FALSE,FALSE,FALSE,FALSE,FALSE,FALSE,FALSE,FALSE,FALSE,FALSE
"254",284766,0.13224,0.07167542,-0.2125986,0.02346082,-0.09309123,-0.08878924,-0.1295807,0.06013222,-0.2722274,0.06157489,-0.0605865,-0.1365441,FALSE,FALSE,FALSE,FALSE,FALSE,FALSE,FALSE,FALSE,FALSE,FALSE,FALSE,FALSE
"255",284773,0.189978,0.3286452,-0.1709534,0.1852733,0.1063773,0.1579241,-0.01255915,0.2330942,-0.1442601,0.2245909,0.01765903,0.103572,FALSE,FALSE,FALSE,FALSE,FALSE,FALSE,FALSE,FALSE,FALSE,FALSE,FALSE,FALSE
"256",284794,0.06224831,0.1140888,-0.1049657,0.137062,0.009230469,-0.01715713,-0.06992937,0.07941874,-0.2920394,0.2503267,-0.1229705,-0.09909032,FALSE,FALSE,FALSE,FALSE,FALSE,FALSE,FALSE,FALSE,FALSE,FALSE,FALSE,FALSE
"257",284848,-0.2724115,0.3332927,0.1387967,0.0687343,0.001972521,0.008238085,-0.04986335,0.1339832,0.2331367,-0.05640162,-0.3250084,-0.1316171,FALSE,FALSE,FALSE,FALSE,FALSE,FALSE,FALSE,FALSE,FALSE,FALSE,FALSE,FALSE
"258",284860,-0.1522242,0.09236051,0.05459924,0.2517077,0.9490405,0.3093092,0.3801219,-0.07810765,0.5759,-0.2003833,0.7960958,0.3911832,FALSE,FALSE,FALSE,FALSE,FALSE,FALSE,FALSE,FALSE,FALSE,FALSE,FALSE,FALSE
"259",285106,0.003494201,-0.177696,0.1584996,0.2233914,-0.08855374,-0.03957157,-0.1273607,-0.1100313,0.2256843,0.2347696,0.04249441,0.03832456,FALSE,FALSE,FALSE,FALSE,FALSE,FALSE,FALSE,FALSE,FALSE,FALSE,FALSE,FALSE
"260",285187,-0.2194861,0.2693521,-0.3181805,0.5965036,-0.2105912,0.07085071,-0.2812901,0.1843476,0.3447264,0.1163673,-0.06155237,0.155547,FALSE,FALSE,FALSE,FALSE,FALSE,FALSE,FALSE,FALSE,FALSE,FALSE,FALSE,FALSE
"261",285282,0.4232732,0.4889433,0.6317995,0.6970472,0.3440253,0.6428419,-0.02211083,0.7161827,0.6083102,0.3229779,0.3503379,0.5733203,FALSE,FALSE,FALSE,FALSE,FALSE,FALSE,FALSE,FALSE,FALSE,FALSE,FALSE,FALSE
"262",285298,0.3456118,0.5775177,0.6359999,0.399892,0.2752278,0.5887941,0.2863033,0.5587315,0.6780763,0.4404558,0.1381944,0.6041578,FALSE,FALSE,FALSE,FALSE,FALSE,FALSE,FALSE,FALSE,FALSE,FALSE,FALSE,FALSE
"263",285301,-0.1591163,0.3508359,0.3258571,0.5180692,0.1761641,0.3381281,-0.05381906,0.4671349,0.650615,0.4934395,0.355882,0.5699066,FALSE,FALSE,FALSE,FALSE,FALSE,FALSE,FALSE,FALSE,FALSE,FALSE,FALSE,FALSE
"264",288053,0.4027232,-0.03212112,0.3345564,0.3182272,0.12487,0.2508743,0.1159885,0.1965298,0.09630005,0.05641209,0.2540513,0.1706383,FALSE,FALSE,FALSE,FALSE,FALSE,FALSE,FALSE,FALSE,FALSE,FALSE,FALSE,FALSE
"265",288056,0.4703,0.04747016,0.4211419,0.3412231,0.1719569,0.3310651,0.03315562,0.3771084,0.167443,0.1129753,0.289398,0.2480293,FALSE,FALSE,FALSE,FALSE,FALSE,FALSE,FALSE,FALSE,FALSE,FALSE,FALSE,FALSE
"266",288081,0.7403753,0.0335892,0.3979152,0.4447053,0.3865798,0.5280936,0.7523312,0.3864563,0.1910595,0.0681767,0.5508456,0.5014884,FALSE,FALSE,FALSE,FALSE,FALSE,FALSE,FALSE,FALSE,FALSE,FALSE,FALSE,FALSE
"267",291191,0.167594,0.4004197,0.03656578,0.2236744,0.3106442,0.3009342,0.07416219,0.3681318,-0.008775207,0.2756977,0.05416695,0.2397772,FALSE,TRUE,FALSE,FALSE,FALSE,FALSE,FALSE,TRUE,FALSE,FALSE,FALSE,FALSE
"268",292665,0.2796245,0.1014258,-0.1620314,0.04638975,0.05473802,0.0794632,0.1826701,0.05194676,-0.1804413,0.1036947,0.004048435,0.05129037,FALSE,FALSE,FALSE,FALSE,FALSE,FALSE,FALSE,FALSE,FALSE,FALSE,FALSE,FALSE
"269",296579,-0.1570961,-0.2563732,0.3603376,0.3653344,-0.8348842,-0.2343684,-0.05688465,-0.144747,0.0886081,0.3944439,-0.5745163,-0.2094784,FALSE,FALSE,FALSE,FALSE,TRUE,FALSE,FALSE,FALSE,FALSE,FALSE,FALSE,FALSE
"270",297100,-0.1518368,-0.265456,-0.3007038,-0.2963816,-0.6116032,-0.4096446,-0.09893938,-0.3109605,-0.0620849,0.003637721,-0.4958133,-0.2588186,FALSE,FALSE,FALSE,FALSE,FALSE,FALSE,FALSE,FALSE,FALSE,FALSE,FALSE,FALSE
"271",297103,0.3800384,0.05053946,-0.1074134,0.05190151,0.3884241,0.1232223,0.3359342,-0.0391704,-0.3395582,-0.1345762,0.3428755,0.04198294,FALSE,FALSE,FALSE,FALSE,FALSE,FALSE,FALSE,FALSE,FALSE,FALSE,FALSE,FALSE
"272",297736,0.1128803,0.1179577,0.005372018,0.2290993,0.1053541,0.1563106,0.1257391,0.2208415,-0.05747591,0.1960643,0.0862683,0.1695485,FALSE,FALSE,FALSE,FALSE,FALSE,FALSE,FALSE,FALSE,FALSE,FALSE,FALSE,FALSE
"273",297754,-0.0464347,0.0503088,0.2298981,0.372101,0.1431345,0.2007023,0.06179459,0.1911342,0.3281649,0.3670936,0.1348838,0.3146806,FALSE,FALSE,FALSE,FALSE,FALSE,FALSE,FALSE,FALSE,FALSE,FALSE,FALSE,FALSE
"274",297802,0.1000992,-0.2322571,-0.01142008,-0.1188525,0.3847306,-0.01113703,-0.03268475,-0.1843135,-0.091018,-0.2537313,0.3172061,-0.1004427,FALSE,FALSE,FALSE,FALSE,FALSE,FALSE,FALSE,FALSE,FALSE,FALSE,FALSE,FALSE
"275",298110,-0.0223827,-0.1164792,0.005067393,-0.1491537,-0.07404271,-0.1207019,0.02850662,-0.130079,-0.11044,-0.2107077,-0.09892492,-0.1926382,FALSE,FALSE,FALSE,FALSE,FALSE,FALSE,FALSE,FALSE,FALSE,FALSE,FALSE,FALSE
"276",298986,-0.5015464,-0.02309822,-0.635219,-0.2799328,-0.02873073,-0.4792614,-0.5461546,-0.5355397,-1.032976,0.08039829,0.1135795,-0.514073,FALSE,FALSE,FALSE,FALSE,FALSE,FALSE,FALSE,FALSE,FALSE,FALSE,FALSE,FALSE
"277",299051,0.5425713,-0.03897807,0.493908,0.5620173,0.01123227,0.322155,-0.2039971,0.0696258,0.3468063,-0.04272589,0.1222645,0.007876464,FALSE,FALSE,FALSE,FALSE,FALSE,FALSE,FALSE,FALSE,FALSE,FALSE,FALSE,FALSE
"278",300818,-0.153373,0.1293839,-0.1338939,-0.02331959,-0.002941611,-0.02434696,-0.05303398,-0.02390876,0.03931455,0.0489926,-0.08736409,-0.014545,FALSE,FALSE,FALSE,FALSE,FALSE,FALSE,FALSE,FALSE,FALSE,FALSE,FALSE,FALSE
"279",301039,-0.2598632,0.1047271,0.3068642,-0.7214348,-0.1902217,-0.1824172,0.01535728,0.2193556,0.4010344,-0.3844433,-0.1669577,-0.005919008,FALSE,FALSE,FALSE,FALSE,FALSE,FALSE,FALSE,FALSE,FALSE,FALSE,FALSE,FALSE
"280",301132,0.04964915,-0.01863071,0.02535832,0.02910741,0.06676673,0.006023543,-0.01573817,0.03642278,-0.157611,0.06018887,0.0544874,-0.00217495,FALSE,FALSE,FALSE,FALSE,FALSE,FALSE,FALSE,FALSE,FALSE,FALSE,FALSE,FALSE
"281",301231,-0.2455217,-0.02806702,0.02539507,-0.1446648,-0.07689117,-0.1175326,-0.2101389,0.009664351,-0.2689258,0.1036725,-0.02405053,-0.08502762,FALSE,FALSE,FALSE,FALSE,FALSE,FALSE,FALSE,FALSE,FALSE,FALSE,FALSE,FALSE
"282",301273,0.109634,0.3599029,-0.002995748,0.02231772,0.1803091,0.1478137,0.07416882,0.3507002,-0.09589528,0.3298733,0.1161056,0.2547769,FALSE,FALSE,FALSE,FALSE,FALSE,FALSE,FALSE,FALSE,FALSE,FALSE,FALSE,FALSE
"283",301297,0.1419053,0.6110677,-0.1052193,-0.1390333,0.3298161,0.2635335,0.2820378,0.4873435,-0.1868446,0.2220796,0.1118971,0.3357399,FALSE,FALSE,FALSE,FALSE,FALSE,FALSE,FALSE,FALSE,FALSE,FALSE,FALSE,FALSE
"284",301548,0.2225561,-0.1003656,0.1088076,-0.005949453,0.4584958,0.2002632,-0.1877193,-0.03992227,0.1214087,0.1055682,0.07250224,-0.002504021,FALSE,FALSE,FALSE,FALSE,FALSE,FALSE,FALSE,FALSE,FALSE,FALSE,FALSE,FALSE
"285",301581,0.1431564,0.5250637,0.06333526,0.499676,-0.2328533,0.2374496,-0.03143569,0.3778633,-0.2266598,0.455912,-0.4848539,0.04811023,FALSE,FALSE,FALSE,FALSE,FALSE,FALSE,FALSE,FALSE,FALSE,FALSE,FALSE,FALSE
"286",302464,-0.4948643,-0.1536984,-0.1075514,-0.3809117,-0.1538229,-0.3408022,-0.4098457,-0.1580078,-0.5655374,-0.3049204,-0.1205335,-0.4224502,FALSE,FALSE,FALSE,FALSE,FALSE,FALSE,FALSE,FALSE,FALSE,FALSE,FALSE,FALSE
"287",360934,0.182893,-0.1106571,-0.06267747,-0.2834764,0.2267668,-0.1707819,-0.1273534,-0.106304,-0.184216,-0.1729546,0.2490834,-0.1905374,FALSE,FALSE,FALSE,FALSE,FALSE,FALSE,FALSE,FALSE,FALSE,FALSE,FALSE,FALSE
"288",364930,-0.3684795,0.4101697,-0.1327607,-0.4260071,0.06997343,-0.0474954,-0.3199377,0.500854,0.1333159,-0.1583295,-0.2157262,0.07514716,FALSE,FALSE,FALSE,FALSE,FALSE,FALSE,FALSE,FALSE,FALSE,FALSE,FALSE,FALSE
"289",364939,-0.3167749,0.3556895,0.05114219,-0.4384214,-0.1789583,-0.1259223,0.03062979,0.3143716,0.1339581,-0.1163756,-0.3596184,0.03314577,FALSE,FALSE,FALSE,FALSE,FALSE,FALSE,FALSE,FALSE,FALSE,FALSE,FALSE,FALSE
"290",365005,-0.4462491,0.09349501,-0.1799001,-0.2207647,-0.1179536,-0.1890647,-0.2799047,0.2654234,0.127424,-0.1101832,0.09195876,0.1234184,FALSE,FALSE,FALSE,FALSE,FALSE,FALSE,FALSE,FALSE,FALSE,FALSE,FALSE,FALSE
"291",365016,-0.0349328,-0.1423145,-0.2358601,-0.01272963,-0.2590003,-0.1485027,-0.1550067,0.1634891,-0.1626178,-0.04526151,-0.3025546,-0.09670973,FALSE,FALSE,FALSE,FALSE,FALSE,FALSE,FALSE,FALSE,FALSE,FALSE,FALSE,FALSE
"292",365134,-0.2237042,-0.2401561,0.4128742,-0.1229336,-0.04700384,-0.07740081,0.1875894,-0.2462287,0.5116938,0.02854416,-0.1842698,0.03598329,FALSE,FALSE,FALSE,FALSE,FALSE,FALSE,FALSE,FALSE,FALSE,FALSE,FALSE,FALSE
"293",365146,0.3097611,-0.1252265,0.181898,0.3261011,-0.02699749,0.1041407,0.2434019,0.0144185,-0.004712804,0.5280636,-0.03271565,0.1931769,FALSE,FALSE,FALSE,FALSE,FALSE,FALSE,FALSE,FALSE,FALSE,FALSE,FALSE,FALSE
"294",365169,-0.1477528,0.2093137,-0.001758423,0.4170865,-0.3336437,-0.03449979,0.02617687,0.2115977,0.02229862,0.6934687,-0.527585,0.07072405,FALSE,FALSE,FALSE,FALSE,FALSE,FALSE,FALSE,FALSE,FALSE,TRUE,FALSE,FALSE
"295",365170,0.2182639,0.30253,0.4300473,0.7279638,-0.2604983,0.3479127,0.3045003,0.2018342,0.3087735,1.186223,-0.5371488,0.3893468,FALSE,FALSE,FALSE,FALSE,FALSE,FALSE,FALSE,FALSE,FALSE,TRUE,FALSE,FALSE
"296",365221,-0.01445963,-0.2681311,-0.09051085,-0.02162903,-0.1610279,-0.1158864,-0.1705877,-0.2137805,-0.1045082,0.1047983,-0.158909,-0.1628032,FALSE,FALSE,FALSE,FALSE,FALSE,FALSE,FALSE,FALSE,FALSE,FALSE,FALSE,FALSE
"297",365233,0.1304618,0.2777956,0.1116662,0.04499219,0.2306765,0.2425451,0.1272501,0.3148017,0.1572484,0.03910026,0.03101989,0.2063925,FALSE,FALSE,FALSE,FALSE,FALSE,FALSE,FALSE,FALSE,FALSE,FALSE,FALSE,FALSE
"298",365248,0.1354591,0.2067525,0.2773878,0.4220211,0.3233559,0.3877065,0.271736,0.2177862,0.04668364,0.2306069,0.2792355,0.3368682,FALSE,FALSE,FALSE,FALSE,FALSE,FALSE,FALSE,FALSE,FALSE,FALSE,FALSE,FALSE
"299",365251,0.2055501,0.2197345,0.2760102,0.2744306,0.129253,0.3065286,0.3582729,0.2968112,-0.1075652,0.1852325,0.003787276,0.2067524,FALSE,FALSE,FALSE,FALSE,FALSE,FALSE,FALSE,FALSE,FALSE,FALSE,FALSE,FALSE
"300",365254,-0.05382348,0.01487693,0.2910866,0.4023278,0.2455818,0.2335996,0.1002035,0.06826185,-0.02454843,0.02048334,0.1512234,0.0834402,FALSE,FALSE,FALSE,FALSE,FALSE,FALSE,FALSE,FALSE,FALSE,FALSE,FALSE,FALSE
"301",365264,0.08781975,-0.3124623,-0.1774029,-0.06820262,-0.1563489,-0.08861874,-0.1562741,-0.2728572,-0.1103067,-0.1278199,-0.1676191,-0.2217004,FALSE,FALSE,FALSE,FALSE,FALSE,FALSE,FALSE,FALSE,FALSE,FALSE,FALSE,FALSE
"302",365296,0.02774161,0.2405133,0.3734559,0.1553724,0.2139584,0.3272143,0.1230925,0.2110908,0.3466482,0.2654916,0.1887631,0.3535254,FALSE,FALSE,TRUE,FALSE,FALSE,FALSE,FALSE,FALSE,FALSE,FALSE,FALSE,FALSE
"303",365299,-0.02916903,0.1665889,0.4711722,0.07537693,0.2261875,0.2558608,0.08027642,0.2037769,0.406825,0.139001,0.2450442,0.3120645,FALSE,FALSE,TRUE,FALSE,FALSE,FALSE,FALSE,FALSE,TRUE,FALSE,FALSE,FALSE
"304",365326,0.006022287,0.07098856,0.3883774,0.1328148,0.1323227,0.2202376,0.09679034,0.1003223,0.3960139,0.2154609,0.2010889,0.2714179,FALSE,FALSE,TRUE,FALSE,FALSE,FALSE,FALSE,FALSE,FALSE,FALSE,FALSE,FALSE
"305",365329,0.00934386,-0.01743219,0.03832327,0.06198316,0.1218959,0.06481567,0.02920703,-0.0506794,0.2285163,0.05333036,0.1734361,0.115402,FALSE,FALSE,FALSE,FALSE,FALSE,FALSE,FALSE,FALSE,FALSE,FALSE,FALSE,FALSE
"306",365413,0.05631274,-0.06049959,0.0900766,-0.4010862,0.3073055,-0.02668277,0.1880389,0.006103867,-0.06382381,-0.2349818,0.1307284,-0.04131897,FALSE,FALSE,FALSE,FALSE,FALSE,FALSE,FALSE,FALSE,FALSE,FALSE,FALSE,FALSE
"307",365437,0.1804944,-0.1026247,0.1098921,0.6261949,-0.2660564,0.03542597,-0.2108542,0.06851678,-0.212897,0.8093384,-0.3305675,-0.01468404,FALSE,FALSE,FALSE,FALSE,FALSE,FALSE,FALSE,FALSE,FALSE,FALSE,FALSE,FALSE
"308",365455,0.238485,-0.1100398,0.1458857,0.2416511,0.1605533,0.06525614,0.138675,-0.07653475,-0.1007065,0.05786649,0.2252107,0.00982886,FALSE,FALSE,FALSE,FALSE,FALSE,FALSE,FALSE,FALSE,FALSE,FALSE,FALSE,FALSE
"309",365462,0.4004389,0.009863053,0.1685916,0.3811896,0.3125291,0.2584188,0.1389265,0.01504253,0.07744313,0.3332865,0.258339,0.1944976,FALSE,FALSE,FALSE,FALSE,FALSE,FALSE,FALSE,FALSE,FALSE,FALSE,FALSE,FALSE
"310",365470,0.09386048,-0.07011468,0.1652162,0.2295665,0.06223954,0.07626613,0.005968272,-0.0144628,-0.1001056,0.1390844,0.1173201,0.01221636,FALSE,FALSE,FALSE,FALSE,FALSE,FALSE,FALSE,FALSE,FALSE,FALSE,FALSE,FALSE
"311",365473,0.3003678,-0.04583367,0.1550342,0.5138803,0.134621,0.175437,0.1590149,-0.06668015,0.1220423,0.3353062,0.2536759,0.1779677,FALSE,FALSE,FALSE,TRUE,FALSE,FALSE,FALSE,FALSE,FALSE,FALSE,FALSE,FALSE
"312",365506,0.2358954,0.1371773,0.1650389,0.4159689,-0.0001920717,0.2542046,-0.02229658,0.1806339,0.1790821,0.330825,0.1406679,0.2365772,FALSE,FALSE,FALSE,FALSE,FALSE,FALSE,FALSE,FALSE,FALSE,FALSE,FALSE,FALSE
"313",365512,0.2356792,0.1352083,0.1369887,0.06701627,0.1436575,0.2017789,0.1602792,0.187725,0.03170373,0.1379386,0.2072353,0.2294408,FALSE,FALSE,FALSE,FALSE,FALSE,FALSE,FALSE,FALSE,FALSE,FALSE,FALSE,FALSE
"314",365529,-0.02226498,-0.05515369,0.05338522,0.1004077,-0.09176771,0.0306173,-0.09018021,-0.04643607,0.1182433,-0.05003981,-0.1279692,-0.03907262,FALSE,FALSE,FALSE,FALSE,FALSE,FALSE,FALSE,FALSE,FALSE,FALSE,FALSE,FALSE
"315",365581,-0.287419,-0.04234481,-0.03131607,-0.3382987,-0.08642048,-0.2563351,-0.03947358,0.06581966,-0.2816763,-0.1406768,-0.01070886,-0.1240449,FALSE,FALSE,FALSE,FALSE,FALSE,FALSE,FALSE,FALSE,FALSE,FALSE,FALSE,FALSE
"316",365593,-0.2197759,-0.04836052,0.3339659,-0.2721544,0.1148902,0.003733037,0.1301905,0.05103507,-0.1151042,-0.1150837,0.3040291,0.09689626,FALSE,FALSE,FALSE,FALSE,FALSE,FALSE,FALSE,FALSE,FALSE,FALSE,FALSE,FALSE
"317",365602,-0.3001858,-0.2323991,0.1829918,-0.331452,-0.007372088,-0.2365118,0.1604549,-0.1999654,-0.1670854,-0.2540284,0.2296408,-0.105375,FALSE,FALSE,FALSE,FALSE,FALSE,FALSE,FALSE,FALSE,FALSE,FALSE,FALSE,FALSE
"318",365605,-0.1328941,-0.2019066,0.2293356,-0.3294013,0.1548495,-0.1994631,0.3953806,-0.1800671,0.0115247,-0.1915011,0.4608538,0.07159296,FALSE,FALSE,FALSE,FALSE,FALSE,FALSE,FALSE,FALSE,FALSE,FALSE,FALSE,FALSE
"319",365659,-0.4655755,-0.8442771,0.5247,-0.4402613,-0.30105,-0.5274862,0.09138225,-0.6438018,0.3424335,-0.396225,0.2714974,-0.2452038,FALSE,TRUE,FALSE,FALSE,FALSE,FALSE,FALSE,FALSE,FALSE,FALSE,FALSE,FALSE
"320",365733,0.1503125,0.04298739,-0.02572775,0.3952694,0.1591421,0.1638394,-0.01404535,0.09704012,0.03482807,0.1736837,0.2373358,0.1571803,FALSE,FALSE,FALSE,TRUE,FALSE,FALSE,FALSE,FALSE,FALSE,FALSE,FALSE,FALSE
"321",365740,0.198186,-0.2132977,0.3016495,0.07506129,0.2161459,0.1110129,0.02608772,0.001369439,0.01459395,-0.1823594,0.2365472,0.001132131,FALSE,FALSE,FALSE,FALSE,FALSE,FALSE,FALSE,FALSE,FALSE,FALSE,FALSE,FALSE
"322",365743,0.3093988,0.06550838,0.2661231,0.1212583,0.2211385,0.2531713,0.03296874,0.18495,0.03098645,-0.08216454,0.2145688,0.09299458,FALSE,FALSE,FALSE,FALSE,FALSE,FALSE,FALSE,FALSE,FALSE,FALSE,FALSE,FALSE
"323",365766,-0.03848344,-0.09145178,-0.04644111,-0.1137883,0.1337901,-0.09663755,0.05415876,0.03954159,-0.1296304,-0.2735178,0.08099518,-0.1224865,FALSE,FALSE,FALSE,FALSE,FALSE,FALSE,FALSE,FALSE,FALSE,FALSE,FALSE,FALSE
"324",365781,0.04527624,0.1765918,0.1986354,-0.03376401,0.8767827,0.3750874,-0.001496619,0.1891362,0.291827,0.09534901,0.2958165,0.2453798,FALSE,FALSE,FALSE,FALSE,FALSE,FALSE,FALSE,FALSE,FALSE,FALSE,FALSE,FALSE
"325",365794,0.488505,0.2490046,-0.08228937,-0.08245717,0.8075397,0.4156188,0.2828976,0.4122934,-0.04671687,0.01226379,0.3960336,0.3262995,FALSE,FALSE,FALSE,FALSE,TRUE,FALSE,FALSE,FALSE,FALSE,FALSE,FALSE,FALSE
"326",365824,0.962127,-0.02993516,0.1239875,0.179693,0.4149238,0.3510554,0.5039339,0.3400248,0.08108087,-0.05303365,0.5359343,0.3288015,FALSE,FALSE,FALSE,FALSE,FALSE,FALSE,FALSE,FALSE,FALSE,FALSE,FALSE,FALSE
"327",365839,0.1549843,-0.09142802,0.2358008,-0.02444807,-0.1269284,-0.000679397,0.03640188,0.01192467,0.2403916,0.1769884,-0.1355298,0.01870331,FALSE,FALSE,FALSE,FALSE,FALSE,FALSE,FALSE,FALSE,FALSE,FALSE,FALSE,FALSE
"328",365881,-0.3299652,-0.1936108,0.1562103,-0.3511668,-0.4475153,-0.3144146,0.124933,-0.2125641,0.2494022,-0.1069153,-0.354456,-0.1606997,FALSE,FALSE,FALSE,FALSE,FALSE,FALSE,FALSE,FALSE,FALSE,FALSE,FALSE,FALSE
"329",365899,-0.0913121,-0.2037071,-0.1702708,-0.255714,-0.1172602,-0.3009986,-0.1901957,-0.2052791,-0.153025,-0.2513545,-0.1646142,-0.3700173,FALSE,FALSE,FALSE,FALSE,FALSE,FALSE,FALSE,FALSE,FALSE,FALSE,FALSE,TRUE
"330",365931,-0.03877705,-0.138699,0.02649114,-0.5048309,-0.07223463,-0.2839997,-0.03525106,-0.04085844,0.1189711,-0.2096322,-0.07823745,-0.1754591,FALSE,FALSE,FALSE,TRUE,FALSE,FALSE,FALSE,FALSE,FALSE,FALSE,FALSE,FALSE
"331",392642,0.02535697,-0.04295277,-0.09186108,0.08276076,-0.1424472,-0.05020062,-0.04502876,-0.1284453,-0.1158606,-0.04665112,-0.2603933,-0.1815092,FALSE,FALSE,FALSE,FALSE,FALSE,FALSE,FALSE,FALSE,FALSE,FALSE,FALSE,FALSE
"332",392819,0.2979938,0.5782208,0.0157255,0.1884057,0.1493557,0.3445473,0.4152786,0.4701919,0.2276343,0.2051137,0.1660295,0.422447,FALSE,TRUE,FALSE,FALSE,FALSE,FALSE,FALSE,TRUE,FALSE,FALSE,FALSE,FALSE
"333",626056,-0.06165899,0.1729236,0.006600069,-0.1177527,0.004455371,-0.06142781,-0.0003373391,0.1541205,-0.02821881,-0.1788373,0.09407996,0.01654598,FALSE,FALSE,FALSE,FALSE,FALSE,FALSE,FALSE,FALSE,FALSE,FALSE,FALSE,FALSE
"334",626067,-0.004226572,0.2821906,0.1139514,-0.1700871,0.006660234,0.03572612,0.1713473,0.1640648,0.1440407,-0.01993951,0.02061326,0.1280409,FALSE,FALSE,FALSE,FALSE,FALSE,FALSE,FALSE,FALSE,FALSE,FALSE,FALSE,FALSE
"335",626086,-0.005007318,0.1213323,-0.0145235,0.0633586,-0.01872078,0.009677927,0.06747216,0.03844951,-0.08042911,-0.07662343,-0.0151562,-0.04183778,FALSE,FALSE,FALSE,FALSE,FALSE,FALSE,FALSE,FALSE,FALSE,FALSE,FALSE,FALSE
"336",626107,-0.2235957,0.3778747,-0.1122433,-0.2804604,0.1545656,0.01492092,-0.156178,0.352071,0.04792173,-0.2421054,0.1145234,0.09889958,FALSE,FALSE,FALSE,FALSE,FALSE,FALSE,FALSE,FALSE,FALSE,FALSE,FALSE,FALSE
"337",626113,-0.1825055,0.2941819,-0.07956316,-0.162921,0.1635573,0.05550662,-0.05839103,0.2469435,-0.01287315,-0.1799319,0.07409962,0.07245057,FALSE,FALSE,FALSE,FALSE,FALSE,FALSE,FALSE,FALSE,FALSE,FALSE,FALSE,FALSE
"338",626140,-0.1494706,-0.4344151,0.1000209,0.1973385,0.006894126,-0.1113807,0.1041337,-0.5340681,-0.06680803,0.01767023,0.0002300417,-0.2313728,FALSE,FALSE,FALSE,FALSE,FALSE,FALSE,FALSE,FALSE,FALSE,FALSE,FALSE,FALSE
"339",626152,-0.2530116,-0.1281364,0.2269686,-0.02435693,-0.05942877,-0.09488398,-0.287894,-0.08475036,0.1133304,-0.02982972,-0.0542808,-0.1262261,FALSE,FALSE,FALSE,FALSE,FALSE,FALSE,FALSE,FALSE,FALSE,FALSE,FALSE,FALSE
"340",626167,-0.2542426,-0.3212377,-0.08544511,-0.2392995,-0.00724864,-0.2477807,-0.07979048,-0.3442178,0.07085512,-0.2513722,0.02985495,-0.1997785,FALSE,FALSE,FALSE,FALSE,FALSE,FALSE,FALSE,FALSE,FALSE,FALSE,FALSE,FALSE
"341",626170,-0.2689782,-0.3291607,0.007517757,-0.2921095,-0.04467193,-0.299882,-0.07727127,-0.372772,0.07686131,-0.1521597,-0.0168171,-0.2436614,FALSE,FALSE,FALSE,FALSE,FALSE,FALSE,FALSE,FALSE,FALSE,FALSE,FALSE,FALSE
"342",626221,-0.3030869,-0.1362453,0.07999256,-0.1081291,-0.04315788,-0.136793,-0.2918808,-0.1086431,0.07940062,-0.2014714,-0.1777147,-0.1978826,FALSE,FALSE,FALSE,FALSE,FALSE,FALSE,FALSE,FALSE,FALSE,FALSE,FALSE,FALSE
"343",626227,0.2655909,0.2160339,0.01604279,0.1536841,0.05785876,0.1946673,0.2663061,0.1520415,-0.02859738,0.2360843,0.2291092,0.2569219,FALSE,FALSE,FALSE,FALSE,FALSE,FALSE,FALSE,FALSE,FALSE,FALSE,FALSE,FALSE
"344",626260,-0.2773682,-0.1504948,-0.04875986,-0.2484165,-0.1304184,-0.1913678,-0.5144493,-0.0786945,-0.09834613,-0.156618,-0.2786879,-0.3010164,FALSE,FALSE,FALSE,FALSE,FALSE,FALSE,TRUE,FALSE,FALSE,FALSE,FALSE,FALSE
"345",626271,0.1437168,0.1528883,0.1246976,0.06326614,0.2740577,0.1791186,0.478448,0.1390819,0.2802415,0.1121961,0.4125538,0.4162025,FALSE,FALSE,FALSE,FALSE,FALSE,FALSE,TRUE,FALSE,FALSE,FALSE,TRUE,TRUE
"346",626284,0.3125422,0.3032171,0.415212,0.6471204,0.2871033,0.4981697,0.4581268,0.2957082,0.3205042,0.3769062,0.3278105,0.5062098,FALSE,FALSE,TRUE,TRUE,FALSE,TRUE,TRUE,FALSE,FALSE,TRUE,FALSE,TRUE
"347",626286,0.3273756,0.227365,0.2660047,0.3545574,0.2484276,0.3203456,0.4757377,0.2328475,0.1953141,0.1105597,0.3523608,0.4108811,FALSE,FALSE,FALSE,FALSE,FALSE,FALSE,TRUE,FALSE,FALSE,FALSE,FALSE,TRUE
"348",626293,0.2665125,0.2266595,0.3789375,0.4294722,0.1745196,0.361829,0.4040411,0.2697082,0.2790435,0.3096978,0.274865,0.4133977,FALSE,FALSE,TRUE,TRUE,FALSE,TRUE,TRUE,FALSE,FALSE,FALSE,FALSE,TRUE
"349",626298,0.328288,0.08341597,0.2475875,0.3870674,-0.1527243,0.18667,0.3669054,0.0889865,0.09328738,0.3458853,0.004414597,0.1750786,FALSE,FALSE,FALSE,FALSE,FALSE,FALSE,FALSE,FALSE,FALSE,FALSE,FALSE,FALSE
"350",626305,0.2581257,0.08751358,0.3782533,0.2810448,0.1242699,0.2290393,0.4405109,0.1205198,0.2894543,0.2543793,0.2558468,0.3434527,FALSE,FALSE,FALSE,FALSE,FALSE,FALSE,TRUE,FALSE,FALSE,FALSE,FALSE,FALSE
"351",626308,0.3106995,0.208335,0.2831013,0.2515961,0.3351197,0.3216208,0.3637745,0.2197102,0.1570389,0.3205715,0.2530574,0.368101,FALSE,FALSE,FALSE,FALSE,FALSE,FALSE,FALSE,FALSE,FALSE,FALSE,FALSE,FALSE
"352",661775,-0.1214457,0.01153655,-0.2768745,0.003901864,-0.05049098,-0.1267416,0.05817776,0.09940431,-0.01759226,-0.08481973,0.146422,0.06977993,FALSE,FALSE,FALSE,FALSE,FALSE,FALSE,FALSE,FALSE,FALSE,FALSE,FALSE,FALSE
"353",897897,0.215264,-0.417272,0.03060295,0.09129109,-0.2192236,-0.1580126,-0.119486,-0.1752662,-0.09127599,0.3610345,0.0918796,-0.03930198,FALSE,FALSE,FALSE,FALSE,FALSE,FALSE,FALSE,FALSE,FALSE,FALSE,FALSE,FALSE
"354",898518,0.4217117,0.3429747,0.3875964,-0.3500383,-0.09511698,0.2002249,0.8222194,0.2429505,0.2339655,0.2990204,-0.4923742,0.2275057,FALSE,FALSE,FALSE,FALSE,FALSE,FALSE,FALSE,FALSE,FALSE,FALSE,FALSE,FALSE
"355",911042,-0.4335759,0.4889617,-0.3535023,-0.1684164,0.05466792,0.1255587,-0.3363758,0.5759773,-0.3836152,0.1526117,-0.01712111,0.2007748,FALSE,FALSE,FALSE,FALSE,FALSE,FALSE,FALSE,FALSE,FALSE,FALSE,FALSE,FALSE
"356",994802,0.03654159,0.1984941,0.2020364,0.08729652,0.2606936,0.2708197,0.1137046,0.2550679,0.1461001,0.1593586,0.4906771,0.4621125,FALSE,FALSE,FALSE,FALSE,FALSE,FALSE,FALSE,FALSE,FALSE,FALSE,FALSE,FALSE
"357",994803,0.1319083,0.08852128,0.5423459,-0.007391134,0.1485114,0.2780919,-0.1266436,0.2168297,0.4913022,0.2171442,0.3483757,0.3487773,FALSE,FALSE,FALSE,FALSE,FALSE,FALSE,FALSE,FALSE,FALSE,FALSE,FALSE,FALSE
"358",995452,0.345602,-0.4522476,0.5371662,0.3152235,0.0206432,0.02823641,-0.02157285,-0.1651694,0.6084852,0.237243,0.3198506,0.07158567,FALSE,FALSE,FALSE,FALSE,FALSE,FALSE,FALSE,FALSE,FALSE,FALSE,FALSE,FALSE
"359",1322288,-0.2486009,0.7834941,-0.07173558,-0.6986023,0.2238709,0.1328617,-0.4119693,0.7232317,0.1029932,-0.2039219,-0.599228,-0.03345392,FALSE,FALSE,FALSE,FALSE,FALSE,FALSE,FALSE,FALSE,FALSE,FALSE,FALSE,FALSE
"360",1322354,0.07717674,1.120299,-0.1862427,-0.2729619,0.605753,0.5031108,0.4858531,0.8155253,-0.2233504,0.10376,0.1150668,0.5188251,FALSE,TRUE,FALSE,FALSE,FALSE,FALSE,FALSE,FALSE,FALSE,FALSE,FALSE,FALSE
"361",1452970,-0.1912348,-0.4432347,0.7264102,-0.333544,-0.3610965,-0.3082715,-1.090185,-0.1358027,0.1759634,-0.2760241,-0.4608315,-0.6376848,FALSE,FALSE,FALSE,FALSE,FALSE,FALSE,TRUE,FALSE,FALSE,FALSE,FALSE,FALSE
"362",1452986,0.3138137,0.6284002,-0.08132706,0.403294,0.5891539,0.5524509,0.4419865,0.3472313,-0.03642201,0.03157439,0.4626356,0.4449455,FALSE,FALSE,FALSE,FALSE,FALSE,FALSE,FALSE,FALSE,FALSE,FALSE,FALSE,FALSE
"363",1471780,0.07785837,-0.002376279,-0.0456811,-0.1543867,-0.04889476,-0.06606221,-0.00932169,-0.01386303,-0.3347952,-0.05792186,-0.03759897,-0.1264931,FALSE,FALSE,FALSE,FALSE,FALSE,FALSE,FALSE,FALSE,FALSE,FALSE,FALSE,FALSE
